conditionIndex,condition,perturbation,level,protocol,n,meanNRMSE,sdNRMSE,medianNRMSE,q25NRMSE,q75NRMSE
1,J=0,clean,0,zero_shot,10,0.302564538961664,0.0078458500485634,0.302780497767812,0.295109704273731,0.308812745008283
1,J=0,correlated_noise_fraction,0,pca_readout_recalibrated,30,0.364174196064071,0.0176740226052848,0.362638960376195,0.355995521386857,0.373698973679066
1,J=0,correlated_noise_fraction,0,zero_shot,30,8.87002428691091,10.2025750735508,4.96842036304564,3.51098745405829,6.2710747587094
1,J=0,correlated_noise_fraction,0.5,pca_readout_recalibrated,30,0.354640203109514,0.0198597643574563,0.348592843427522,0.344275790158224,0.368375761079097
1,J=0,correlated_noise_fraction,0.5,zero_shot,30,14.1689547911564,13.5648654052331,9.78029569688964,6.02375462800332,14.1756423482922
1,J=0,correlated_noise_fraction,0.9,pca_readout_recalibrated,30,0.335128236129685,0.0207084372225958,0.328427529087193,0.323458640790845,0.34438293471322
1,J=0,correlated_noise_fraction,0.9,zero_shot,30,17.0423701323997,15.9349653075243,12.3028541261499,6.57822520488013,18.0906931144717
1,J=0,detector_snr_db,20,pca_readout_recalibrated,30,0.382129817029262,0.0141491030945507,0.381083235291565,0.377158034330012,0.39124076553672
1,J=0,detector_snr_db,20,zero_shot,30,27.8157841858803,32.0576425350514,15.6465921965705,10.9035857586976,19.6190558693901
1,J=0,detector_snr_db,30,pca_readout_recalibrated,30,0.364113307315518,0.0172162506826932,0.361837736483649,0.356648415980263,0.372686318415071
1,J=0,detector_snr_db,30,zero_shot,30,8.87403483371486,10.2640094889546,4.95150715100867,3.47644507072948,6.21872033092512
1,J=0,detector_snr_db,40,pca_readout_recalibrated,30,0.342058271561738,0.022888333503842,0.335622787614371,0.32417440953757,0.356718772468142
1,J=0,detector_snr_db,40,zero_shot,30,2.84971980246897,3.21644106939469,1.61043582040136,1.12406749452806,1.98660421553561
1,J=0,failed_modes,1,pca_readout_recalibrated,30,0.302812464725367,0.00809665376216995,0.302510273567188,0.294765337057685,0.308586219922268
1,J=0,failed_modes,1,zero_shot,30,1.59342749989731,0.884026918150746,1.2958821215026,0.817187532567097,2.49261984857719
1,J=0,failed_modes,2,pca_readout_recalibrated,30,0.303581113543941,0.00785856385339449,0.303712005707651,0.295591508350205,0.307879478157408
1,J=0,failed_modes,2,zero_shot,30,2.07450065746811,1.14460509752549,1.97904605827211,1.01082962581128,2.68313778151335
1,J=0,failed_modes,3,pca_readout_recalibrated,30,0.30469925690411,0.00845814328572954,0.305036577981306,0.295483477731902,0.31275489441831
1,J=0,failed_modes,3,zero_shot,30,2.43339140589574,1.43874869718048,2.44996858132574,1.2401803515311,3.07921014699257
1,J=0,gain_mismatch_sigma,0.01,pca_readout_recalibrated,30,0.302564538961436,0.00757047076513957,0.302780497768313,0.295109704273659,0.308812745009349
1,J=0,gain_mismatch_sigma,0.01,zero_shot,30,1.51375997041003,2.07894348469731,0.866550725399986,0.383217994342991,1.50309470556787
1,J=0,gain_mismatch_sigma,0.05,pca_readout_recalibrated,30,0.302564538961078,0.00757047076503494,0.302780497768241,0.295109704273694,0.308812745011285
1,J=0,gain_mismatch_sigma,0.05,zero_shot,30,6.91226697801863,8.14103269259461,4.30942446197214,1.68353617929442,9.21768156316374
1,J=0,gain_mismatch_sigma,0.1,pca_readout_recalibrated,30,0.302564538961566,0.00757047076513777,0.302780497768018,0.295109704273729,0.308812745013264
1,J=0,gain_mismatch_sigma,0.1,zero_shot,30,14.7052371980672,16.0564200349166,11.2872798997106,2.6903921809059,20.3998445996078
1,J=0,quantization_bits,6,pca_readout_recalibrated,30,0.318223165358441,0.0126308900335974,0.314563764376733,0.309686521759578,0.329526617953187
1,J=0,quantization_bits,6,zero_shot,30,0.519324796768842,0.227378009359683,0.442841699834649,0.368560011666487,0.676724125083796
1,J=0,quantization_bits,8,pca_readout_recalibrated,30,0.316929872948646,0.012213917798069,0.317253496489202,0.306504155532977,0.327218043711522
1,J=0,quantization_bits,8,zero_shot,30,0.36069078309984,0.0813461503622829,0.34046853039102,0.317009568208962,0.358351335749531
1,J=0,quantization_bits,12,pca_readout_recalibrated,30,0.339134486181088,0.0500623111390849,0.322299948967386,0.314622166750927,0.342561568322039
1,J=0,quantization_bits,12,zero_shot,30,0.347077999909432,0.0703781348086769,0.325048621169914,0.314627070561448,0.342606688997973
1,J=0,retained_channel_fraction,0.25,pca_readout_recalibrated,30,0.303270877217415,0.00737358883290077,0.303305535931784,0.295668573676005,0.309515837668636
1,J=0,retained_channel_fraction,0.25,zero_shot,30,2.94878239105235,1.8605801325687,2.49892130816265,1.63978932630408,3.71724117181221
1,J=0,retained_channel_fraction,0.5,pca_readout_recalibrated,30,0.303035589101608,0.00744545971537465,0.303218465924199,0.295688558243431,0.308544289307142
1,J=0,retained_channel_fraction,0.5,zero_shot,30,3.34100143241577,1.90946276209881,2.7767784933303,1.70819870800448,5.31441214890039
1,J=0,retained_channel_fraction,0.75,pca_readout_recalibrated,30,0.30275014523322,0.0076470951044267,0.302419770692432,0.294997486433537,0.30821091920659
1,J=0,retained_channel_fraction,0.75,zero_shot,30,2.81390926561282,1.59363485794259,2.52231382781993,1.66589324167517,3.75828759103114
1,J=0,sampling_jitter_fraction,0.01,pca_readout_recalibrated,30,0.30255601848975,0.007578700411896,0.302765673747962,0.295098221590642,0.308815480228533
1,J=0,sampling_jitter_fraction,0.01,zero_shot,30,0.302653694721171,0.00759166713062328,0.30286330706262,0.295243019758477,0.309028145097238
1,J=0,sampling_jitter_fraction,0.05,pca_readout_recalibrated,30,0.302524610406753,0.00761182494299801,0.302707548895548,0.295055088328701,0.308830667387982
1,J=0,sampling_jitter_fraction,0.05,zero_shot,30,0.305180575808896,0.00761362471717257,0.305321455405388,0.297898666000486,0.311960172050362
1,J=0,sampling_jitter_fraction,0.1,pca_readout_recalibrated,30,0.302493024916229,0.00765434486082311,0.3026419128369,0.295008024744996,0.308859383932244
1,J=0,sampling_jitter_fraction,0.1,zero_shot,30,0.313089533528455,0.00751587737835091,0.313052221049806,0.305856825131246,0.320146908143073
1,J=0,shot_noise_photons,1000,pca_readout_recalibrated,30,0.356565069252244,0.0193986719996405,0.351513294610281,0.346279582994221,0.369343467096609
1,J=0,shot_noise_photons,1000,zero_shot,30,6.30008390790823,7.24629389772565,3.559530839998,2.47370030098636,4.38308476313084
1,J=0,shot_noise_photons,10000,pca_readout_recalibrated,30,0.335406506807194,0.023468523607031,0.324689066618871,0.317515143122364,0.347673473728134
1,J=0,shot_noise_photons,10000,zero_shot,30,2.0320273758074,2.24822950984192,1.14818409773576,0.837549940901377,1.43398431344571
1,J=0,shot_noise_photons,100000,pca_readout_recalibrated,30,0.317197626838555,0.0170606483404695,0.311576918069913,0.304767268672954,0.320442869143522
1,J=0,shot_noise_photons,100000,zero_shot,30,0.746339364162688,0.667033926671274,0.464406017121094,0.397916257156664,0.530093267367878
4,J=0.65,clean,0,zero_shot,10,0.269140212090042,0.00956990664007153,0.267668194446047,0.264972189023996,0.275792620471907
4,J=0.65,correlated_noise_fraction,0,pca_readout_recalibrated,30,0.37005681127596,0.0176257374124059,0.367182836304327,0.363529771640531,0.378613069111973
4,J=0.65,correlated_noise_fraction,0,zero_shot,30,16.0373326204024,21.8612180237305,7.50223857217342,3.27105301989458,12.8353690115576
4,J=0.65,correlated_noise_fraction,0.5,pca_readout_recalibrated,30,0.362252832642824,0.0195028144995391,0.359345408758452,0.353893588198231,0.371030556292761
4,J=0.65,correlated_noise_fraction,0.5,zero_shot,30,26.9538961619349,37.6490954002431,11.1477807085327,5.09775323005901,26.6624548301612
4,J=0.65,correlated_noise_fraction,0.9,pca_readout_recalibrated,30,0.34174822959366,0.0244904954806478,0.340329968293411,0.329118912125489,0.348656536963915
4,J=0.65,correlated_noise_fraction,0.9,zero_shot,30,33.0640606444679,46.9591343088063,13.9146321667236,6.21794768472855,34.3348198378986
4,J=0.65,detector_snr_db,20,pca_readout_recalibrated,30,0.397006851362408,0.0177116558390302,0.390302954828483,0.385535790523278,0.408472159156334
4,J=0.65,detector_snr_db,20,zero_shot,30,50.1932939634595,67.3091867199726,23.9166628361328,10.3675513543157,40.9198170542123
4,J=0.65,detector_snr_db,30,pca_readout_recalibrated,30,0.369198061102303,0.0175806300690957,0.365144589444784,0.360446265163176,0.377698817991801
4,J=0.65,detector_snr_db,30,zero_shot,30,16.0324832361234,21.7766540308821,7.53627417187852,3.27280431204774,12.8216266220593
4,J=0.65,detector_snr_db,40,pca_readout_recalibrated,30,0.344232404780065,0.0254485673701743,0.341824682225326,0.33066890936439,0.3488286513747
4,J=0.65,detector_snr_db,40,zero_shot,30,5.09025817067168,6.86065434261899,2.37989296837627,1.08262660700514,4.11140978028651
4,J=0.65,failed_modes,1,pca_readout_recalibrated,30,0.26905853004171,0.00828550016772892,0.269976748205881,0.266377365058705,0.27558032422745
4,J=0.65,failed_modes,1,zero_shot,30,8.70182580549284,6.88836083130038,5.78181262260809,4.47884748492361,10.8389706347557
4,J=0.65,failed_modes,2,pca_readout_recalibrated,30,0.269530599408029,0.00804456809000986,0.268781602495204,0.263972056742726,0.274618382599487
4,J=0.65,failed_modes,2,zero_shot,30,10.3029910218837,7.4672761164806,7.75640695020173,6.31504177375978,13.5422059316527
4,J=0.65,failed_modes,3,pca_readout_recalibrated,30,0.270127191449544,0.0095700906516665,0.269701125574406,0.264958828408131,0.276998653701596
4,J=0.65,failed_modes,3,zero_shot,30,12.0856167626699,7.00780186258468,10.997366668695,7.59156261736062,15.7177238468855
4,J=0.65,gain_mismatch_sigma,0.01,pca_readout_recalibrated,30,0.269140212088691,0.00923401517732009,0.267668194446177,0.264972189021585,0.275792620472667
4,J=0.65,gain_mismatch_sigma,0.01,zero_shot,30,3.35103866504849,4.57649564189173,2.45919847963089,0.635120722477323,3.75414987065283
4,J=0.65,gain_mismatch_sigma,0.05,pca_readout_recalibrated,30,0.269140212089443,0.00923401517863081,0.267668194446198,0.264972189020745,0.275792620470713
4,J=0.65,gain_mismatch_sigma,0.05,zero_shot,30,10.4251594787602,14.9779603389833,5.81236258485096,1.52407762474718,12.8141077441522
4,J=0.65,gain_mismatch_sigma,0.1,pca_readout_recalibrated,30,0.269140212087944,0.00923401517673787,0.267668194446781,0.264972189020541,0.2757926204658
4,J=0.65,gain_mismatch_sigma,0.1,zero_shot,30,26.5694413357542,29.5288906866635,16.8970868383395,5.52092067570946,36.7107861307851
4,J=0.65,quantization_bits,6,pca_readout_recalibrated,30,0.305162696364273,0.0196884454304447,0.303026891759607,0.290698187505074,0.310718605777708
4,J=0.65,quantization_bits,6,zero_shot,30,0.758586101669926,0.546986079278826,0.554025835646292,0.352708392209663,0.849537452078496
4,J=0.65,quantization_bits,8,pca_readout_recalibrated,30,0.287146996907276,0.0199149630136734,0.282326248864404,0.273343331994166,0.295196251166021
4,J=0.65,quantization_bits,8,zero_shot,30,0.387400599635353,0.158261187179302,0.307622882908866,0.276173263051292,0.427677205141788
4,J=0.65,quantization_bits,12,pca_readout_recalibrated,30,0.32568900604478,0.0769755086933388,0.283190624170804,0.27095428212436,0.377173597571468
4,J=0.65,quantization_bits,12,zero_shot,30,0.342280453153006,0.105611616596989,0.283615896219165,0.271627810131459,0.391590525208408
4,J=0.65,retained_channel_fraction,0.25,pca_readout_recalibrated,30,0.271797995405423,0.0096640480316503,0.273546981372671,0.264028568947174,0.279144664498929
4,J=0.65,retained_channel_fraction,0.25,zero_shot,30,6.72987230651475,5.77324845052474,5.90066252971496,2.67069673640247,8.35641798931252
4,J=0.65,retained_channel_fraction,0.5,pca_readout_recalibrated,30,0.271363541088287,0.0093756475893325,0.270369709335208,0.266897532157708,0.278841533367395
4,J=0.65,retained_channel_fraction,0.5,zero_shot,30,6.75403009811208,5.2682405670297,5.58963313274475,3.08412704032215,7.54715354851869
4,J=0.65,retained_channel_fraction,0.75,pca_readout_recalibrated,30,0.269722613742051,0.00926743370344201,0.269397563779207,0.265241860308119,0.277926552685305
4,J=0.65,retained_channel_fraction,0.75,zero_shot,30,5.96777110957018,3.86435662693856,5.81283424227988,2.77737051432532,6.91314142544858
4,J=0.65,sampling_jitter_fraction,0.01,pca_readout_recalibrated,30,0.269058862113578,0.00919255960485812,0.267612694414283,0.264931632606857,0.275713527213603
4,J=0.65,sampling_jitter_fraction,0.01,zero_shot,30,0.269216577830625,0.0091868840759931,0.267715250294069,0.265102043770532,0.27579001558498
4,J=0.65,sampling_jitter_fraction,0.05,pca_readout_recalibrated,30,0.268748096803406,0.0090541366815601,0.267343100815266,0.264788443726329,0.275405914275052
4,J=0.65,sampling_jitter_fraction,0.05,zero_shot,30,0.272039805791936,0.00889743660108342,0.270343178441524,0.26813880819628,0.278033035917281
4,J=0.65,sampling_jitter_fraction,0.1,pca_readout_recalibrated,30,0.268370669210341,0.00890362781981458,0.266905302351087,0.264609765509959,0.275036635993336
4,J=0.65,sampling_jitter_fraction,0.1,zero_shot,30,0.28103892709249,0.00835342772204394,0.278940189065936,0.277392448596295,0.287223396388404
4,J=0.65,shot_noise_photons,1000,pca_readout_recalibrated,30,0.363053575317499,0.0198967761040919,0.3613591801749,0.351278635259775,0.370928423196447
4,J=0.65,shot_noise_photons,1000,zero_shot,30,11.3047423051097,15.3561490053473,5.28018969408912,2.35014658073142,9.19116699767405
4,J=0.65,shot_noise_photons,10000,pca_readout_recalibrated,30,0.333764121733541,0.0278713199098412,0.33067240688151,0.318417289840364,0.337594393192927
4,J=0.65,shot_noise_photons,10000,zero_shot,30,3.60970230626177,4.81406441278921,1.7031198394213,0.774117047320485,2.91350861542172
4,J=0.65,shot_noise_photons,100000,pca_readout_recalibrated,30,0.30435017816349,0.0279294861060583,0.298301367752845,0.285509923499456,0.303770505346261
4,J=0.65,shot_noise_photons,100000,zero_shot,30,1.20940299150727,1.49343923634825,0.593225837432107,0.345561002143651,0.949544065872594
