lockedIndex,seedOffset,datasetSeed,method,requestedBudget,actualCoefficients,modelOrder,ridgeLambda,testNRMSE,R2true
1,1001,1010142,input_delays,65,65,64,1e-06,0.384349121196912,0.852275753035161
1,1001,1010142,input_delays,129,129,128,1e-06,0.385034837323907,0.851748174046953
1,1001,1010142,input_delays,257,257,256,1e-06,0.384016367607407,0.852531429409613
1,1001,1010142,input_delays,351,351,350,1e-06,0.38547227129965,0.851411128059089
1,1001,1010142,input_delays,513,513,512,1e-06,0.387112844974071,0.850143645256081
1,1001,1010142,input_delays,1025,1025,1024,4.64158883361278,0.3920176545436,0.846322158526135
1,1001,1010142,input_delays,2049,2049,2048,215.443469003188,0.408247814063476,0.833333722312393
1,1001,1010142,nvar_degree_2,65,55,9,1e-06,0.824539413516033,0.320134755558636
1,1001,1010142,nvar_degree_2,129,120,14,1e-06,0.31311430141013,0.901959434252446
1,1001,1010142,nvar_degree_2,257,253,21,1e-06,0.194171736323042,0.962297336813295
1,1001,1010142,nvar_degree_2,351,351,25,1e-06,0.14294325802218,0.979567224986004
1,1001,1010142,nvar_degree_2,513,496,30,1e-06,0.111599152269285,0.987545629212777
1,1001,1010142,nvar_degree_2,1025,990,43,1e-06,0.0906773214900472,0.991777623367391
1,1001,1010142,nvar_degree_2,2049,2016,62,1e-06,0.0910839160322543,0.991703720240229
1,1001,1010142,nvar_degree_3,65,56,5,46.4158883361278,0.83246934375901,0.306994791701443
1,1001,1010142,nvar_degree_3,129,120,7,46.4158883361278,0.831732263788393,0.308221441373435
1,1001,1010142,nvar_degree_3,257,220,9,100,0.830246927124411,0.310690040000473
1,1001,1010142,nvar_degree_3,351,286,10,100,0.830710832206053,0.309919513255527
1,1001,1010142,nvar_degree_3,513,455,12,10,0.4096844297923,0.832158667985758
1,1001,1010142,nvar_degree_3,1025,969,16,4.64158883361278,0.279041718283457,0.922135719457416
1,1001,1010142,nvar_degree_3,2049,2024,21,4.64158883361278,0.198604059647352,0.960556427491591
1,1001,1010142,tapped_esn,65,53,4,0.0464158883361278,0.392234596281807,0.846152021479648
1,1001,1010142,tapped_esn,129,118,9,0.00464158883361278,0.374012227814478,0.860114853445251
1,1001,1010142,tapped_esn,257,248,19,1e-06,0.342317654126513,0.882818623673321
1,1001,1010142,tapped_esn,351,339,26,0.0001,0.265715979925438,0.929395018012264
1,1001,1010142,tapped_esn,513,508,39,4.64158883361278e-05,0.195113633090243,0.961930670182326
1,1001,1010142,tapped_esn,1025,1015,78,1e-05,0.129048355828873,0.983346521857865
1,1001,1010142,tapped_esn,2049,2042,157,1e-05,0.111100029475309,0.987656783450585
2,1002,1011150,input_delays,65,65,64,1e-06,0.380668510774441,0.855091484904769
2,1002,1011150,input_delays,129,129,128,1e-06,0.381963486440423,0.854103895026277
2,1002,1011150,input_delays,257,257,256,1e-06,0.382253610665493,0.853882177133194
2,1002,1011150,input_delays,351,351,350,1e-06,0.384546568326837,0.852123936788053
2,1002,1011150,input_delays,513,513,512,1e-06,0.386390458575555,0.850702413521772
2,1002,1011150,input_delays,1025,1025,1024,4.64158883361278,0.393937855996696,0.844812965612726
2,1002,1011150,input_delays,2049,2049,2048,215.443469003188,0.406311112170666,0.834911280126637
2,1002,1011150,nvar_degree_2,65,55,9,1e-06,0.804361979528327,0.353001805889271
2,1002,1011150,nvar_degree_2,129,120,14,1e-06,0.270358906339342,0.926906061762995
2,1002,1011150,nvar_degree_2,257,253,21,1e-06,0.152531468572233,0.976734151095198
2,1002,1011150,nvar_degree_2,351,351,25,1e-06,0.105007510200275,0.988973422801539
2,1002,1011150,nvar_degree_2,513,496,30,1e-06,0.0803261882086284,0.993547703487872
2,1002,1011150,nvar_degree_2,1025,990,43,1e-06,0.0670350053491952,0.995506308057833
2,1002,1011150,nvar_degree_2,2049,2016,62,1e-06,0.0709178137394897,0.994970663694411
2,1002,1011150,nvar_degree_3,65,56,5,46.4158883361278,0.814111251481746,0.337222870210825
2,1002,1011150,nvar_degree_3,129,120,7,46.4158883361278,0.810088364138585,0.343756842287272
2,1002,1011150,nvar_degree_3,257,220,9,100,0.811737774461798,0.341081785511808
2,1002,1011150,nvar_degree_3,351,286,10,100,0.813116494137367,0.338841566961757
2,1002,1011150,nvar_degree_3,513,455,12,10,0.376992847481754,0.857876392947599
2,1002,1011150,nvar_degree_3,1025,969,16,4.64158883361278,0.237202798610905,0.943734832331155
2,1002,1011150,nvar_degree_3,2049,2024,21,4.64158883361278,0.159394936475474,0.97459325422598
2,1002,1011150,tapped_esn,65,53,4,0.0464158883361278,0.385044467802037,0.851740757815046
2,1002,1011150,tapped_esn,129,118,9,0.00464158883361278,0.361086855600213,0.869616282712751
2,1002,1011150,tapped_esn,257,248,19,1e-06,0.327528830929461,0.89272486490998
2,1002,1011150,tapped_esn,351,339,26,0.0001,0.242965705386724,0.940967666005931
2,1002,1011150,tapped_esn,513,508,39,4.64158883361278e-05,0.156503000899857,0.975506810709339
2,1002,1011150,tapped_esn,1025,1015,78,1e-05,0.0940206813985217,0.991160111469358
2,1002,1011150,tapped_esn,2049,2042,157,1e-05,0.0770993221876026,0.994055694518212
3,1003,1012159,input_delays,65,65,64,1e-06,0.367133477957759,0.86521300936264
3,1003,1012159,input_delays,129,129,128,1e-06,0.367123966025194,0.865219993569932
3,1003,1012159,input_delays,257,257,256,1e-06,0.368674880014993,0.86407883284593
3,1003,1012159,input_delays,351,351,350,1e-06,0.371575817096197,0.861931412149294
3,1003,1012159,input_delays,513,513,512,1e-06,0.372256006431074,0.861425465675988
3,1003,1012159,input_delays,1025,1025,1024,4.64158883361278,0.384864134316349,0.851879598116927
3,1003,1012159,input_delays,2049,2049,2048,215.443469003188,0.398153647794331,0.841473672748067
3,1003,1012159,nvar_degree_2,65,55,9,1e-06,0.803293403428187,0.35471970800876
3,1003,1012159,nvar_degree_2,129,120,14,1e-06,0.300178158569248,0.909893073117975
3,1003,1012159,nvar_degree_2,257,253,21,1e-06,0.176528012133518,0.968837860932188
3,1003,1012159,nvar_degree_2,351,351,25,1e-06,0.124170771017126,0.984581619625012
3,1003,1012159,nvar_degree_2,513,496,30,1e-06,0.0891896983352151,0.992045197710873
3,1003,1012159,nvar_degree_2,1025,990,43,1e-06,0.0613305497406238,0.996238563668513
3,1003,1012159,nvar_degree_2,2049,2016,62,1e-06,0.0663426231120629,0.995598656358611
3,1003,1012159,nvar_degree_3,65,56,5,46.4158883361278,0.820813427506013,0.326265317225832
3,1003,1012159,nvar_degree_3,129,120,7,46.4158883361278,0.814178842582318,0.337112812291316
3,1003,1012159,nvar_degree_3,257,220,9,100,0.809061423008274,0.345419613799826
3,1003,1012159,nvar_degree_3,351,286,10,100,0.807351877073066,0.348182946586596
3,1003,1012159,nvar_degree_3,513,455,12,10,0.399801536301128,0.840158731571258
3,1003,1012159,nvar_degree_3,1025,969,16,4.64158883361278,0.269684742724727,0.927270139541498
3,1003,1012159,nvar_degree_3,2049,2024,21,4.64158883361278,0.193386778153678,0.96260155403534
3,1003,1012159,tapped_esn,65,53,4,0.0464158883361278,0.371151873062687,0.862246287122059
3,1003,1012159,tapped_esn,129,118,9,0.00464158883361278,0.325619876334617,0.893971696135828
3,1003,1012159,tapped_esn,257,248,19,1e-06,0.260680809874425,0.932045515363214
3,1003,1012159,tapped_esn,351,339,26,0.0001,0.211763210813571,0.955156342545927
3,1003,1012159,tapped_esn,513,508,39,4.64158883361278e-05,0.159276700350851,0.974630932725345
3,1003,1012159,tapped_esn,1025,1015,78,1e-05,0.0934018639846852,0.991276091804186
3,1003,1012159,tapped_esn,2049,2042,157,1e-05,0.0800640842700885,0.993589742409992
4,1004,1013168,input_delays,65,65,64,1e-06,0.370964205931629,0.862385557917516
4,1004,1013168,input_delays,129,129,128,1e-06,0.371445802489584,0.862028015812869
4,1004,1013168,input_delays,257,257,256,1e-06,0.374344931167157,0.859865872509457
4,1004,1013168,input_delays,351,351,350,1e-06,0.37547432223502,0.859019033342153
4,1004,1013168,input_delays,513,513,512,1e-06,0.377432580781628,0.85754464696452
4,1004,1013168,input_delays,1025,1025,1024,4.64158883361278,0.386055712918498,0.85096098652299
4,1004,1013168,input_delays,2049,2049,2048,215.443469003188,0.40558641453378,0.835499660345633
4,1004,1013168,nvar_degree_2,65,55,9,1e-06,0.806911586916411,0.34889369090004
4,1004,1013168,nvar_degree_2,129,120,14,1e-06,0.288630518545093,0.916692423764391
4,1004,1013168,nvar_degree_2,257,253,21,1e-06,0.17319047950154,0.970005057810027
4,1004,1013168,nvar_degree_2,351,351,25,1e-06,0.128143186317604,0.983579323800372
4,1004,1013168,nvar_degree_2,513,496,30,1e-06,0.104482543155337,0.989083398175793
4,1004,1013168,nvar_degree_2,1025,990,43,1e-06,0.0869015409264317,0.992448122184612
4,1004,1013168,nvar_degree_2,2049,2016,62,1e-06,0.0896575907301976,0.991961516424456
4,1004,1013168,nvar_degree_3,65,56,5,46.4158883361278,0.816305512110167,0.333645310898559
4,1004,1013168,nvar_degree_3,129,120,7,46.4158883361278,0.813029772677047,0.338982588740709
4,1004,1013168,nvar_degree_3,257,220,9,100,0.812974589089169,0.339072317495296
4,1004,1013168,nvar_degree_3,351,286,10,100,0.812822683924302,0.339319284498094
4,1004,1013168,nvar_degree_3,513,455,12,10,0.390645224532822,0.847396308549701
4,1004,1013168,nvar_degree_3,1025,969,16,4.64158883361278,0.255028155848842,0.934960639724339
4,1004,1013168,nvar_degree_3,2049,2024,21,4.64158883361278,0.180403382310524,0.967454619650923
4,1004,1013168,tapped_esn,65,53,4,0.0464158883361278,0.377915418580789,0.857179936398907
4,1004,1013168,tapped_esn,129,118,9,0.00464158883361278,0.365851824803286,0.866152442288106
4,1004,1013168,tapped_esn,257,248,19,1e-06,0.283415599024045,0.919675598229842
4,1004,1013168,tapped_esn,351,339,26,0.0001,0.241921609574557,0.941473934820856
4,1004,1013168,tapped_esn,513,508,39,4.64158883361278e-05,0.16092872089756,0.974101946790275
4,1004,1013168,tapped_esn,1025,1015,78,1e-05,0.110792006922659,0.987725131202049
4,1004,1013168,tapped_esn,2049,2042,157,1e-05,0.102525814296929,0.989488457402752
5,1005,1014177,input_delays,65,65,64,1e-06,0.380089924362006,0.855531649398485
5,1005,1014177,input_delays,129,129,128,1e-06,0.381239279908982,0.854656611454481
5,1005,1014177,input_delays,257,257,256,1e-06,0.38297360185339,0.853331220283441
5,1005,1014177,input_delays,351,351,350,1e-06,0.384484689896587,0.852171523235126
5,1005,1014177,input_delays,513,513,512,1e-06,0.388040392318099,0.849424653929616
5,1005,1014177,input_delays,1025,1025,1024,4.64158883361278,0.393441246455695,0.845203985587389
5,1005,1014177,input_delays,2049,2049,2048,215.443469003188,0.406309107664288,0.83491290902905
5,1005,1014177,nvar_degree_2,65,55,9,1e-06,0.824035274611052,0.320965866196688
5,1005,1014177,nvar_degree_2,129,120,14,1e-06,0.292543903835752,0.914418064328539
5,1005,1014177,nvar_degree_2,257,253,21,1e-06,0.170834926705785,0.970815427817429
5,1005,1014177,nvar_degree_2,351,351,25,1e-06,0.120117794496381,0.985571715445325
5,1005,1014177,nvar_degree_2,513,496,30,1e-06,0.093137126869288,0.991325475598534
5,1005,1014177,nvar_degree_2,1025,990,43,1e-06,0.0795116053695082,0.993677904611564
5,1005,1014177,nvar_degree_2,2049,2016,62,1e-06,0.0820099709225861,0.993274364669277
5,1005,1014177,nvar_degree_3,65,56,5,46.4158883361278,0.832163524763828,0.307503868052641
5,1005,1014177,nvar_degree_3,129,120,7,46.4158883361278,0.830092151826559,0.310947019475952
5,1005,1014177,nvar_degree_3,257,220,9,100,0.829071475687582,0.312640488201215
5,1005,1014177,nvar_degree_3,351,286,10,100,0.828116384885571,0.314223253084053
5,1005,1014177,nvar_degree_3,513,455,12,10,0.397979580962541,0.84161225313688
5,1005,1014177,nvar_degree_3,1025,969,16,4.64158883361278,0.260304141163604,0.932241754093078
5,1005,1014177,nvar_degree_3,2049,2024,21,4.64158883361278,0.179544775800857,0.96776367348262
5,1005,1014177,tapped_esn,65,53,4,0.0464158883361278,0.382142839421452,0.85396685027891
5,1005,1014177,tapped_esn,129,118,9,0.00464158883361278,0.363288940844605,0.868021145460005
5,1005,1014177,tapped_esn,257,248,19,1e-06,0.294750618116104,0.913122073120175
5,1005,1014177,tapped_esn,351,339,26,0.0001,0.203715211169484,0.958500112738172
5,1005,1014177,tapped_esn,513,508,39,4.64158883361278e-05,0.148932520783234,0.977819104253152
5,1005,1014177,tapped_esn,1025,1015,78,1e-05,0.0864647987382782,0.992523838579149
5,1005,1014177,tapped_esn,2049,2042,157,1e-05,0.0719256537413005,0.994826700333887
6,1006,1015186,input_delays,65,65,64,1e-06,0.389471001723448,0.848312338816534
6,1006,1015186,input_delays,129,129,128,1e-06,0.390034515949152,0.847873076368311
6,1006,1015186,input_delays,257,257,256,1e-06,0.391777018320785,0.846510767915675
6,1006,1015186,input_delays,351,351,350,1e-06,0.391571392036324,0.846671844938735
6,1006,1015186,input_delays,513,513,512,1e-06,0.39255814356122,0.845898103923769
6,1006,1015186,input_delays,1025,1025,1024,4.64158883361278,0.395061895069466,0.843926099064123
6,1006,1015186,input_delays,2049,2049,2048,215.443469003188,0.413202581426198,0.829263626702726
6,1006,1015186,nvar_degree_2,65,55,9,1e-06,0.815768475732094,0.334521794001737
6,1006,1015186,nvar_degree_2,129,120,14,1e-06,0.336268298010846,0.886923631752889
6,1006,1015186,nvar_degree_2,257,253,21,1e-06,0.228167120182968,0.947939765267411
6,1006,1015186,nvar_degree_2,351,351,25,1e-06,0.185035550521374,0.965761845043252
6,1006,1015186,nvar_degree_2,513,496,30,1e-06,0.158071000668339,0.97501355874771
6,1006,1015186,nvar_degree_2,1025,990,43,1e-06,0.135462184187211,0.98164999665523
6,1006,1015186,nvar_degree_2,2049,2016,62,1e-06,0.132830852675035,0.982355964577623
6,1006,1015186,nvar_degree_3,65,56,5,46.4158883361278,0.825320310748955,0.318846384665248
6,1006,1015186,nvar_degree_3,129,120,7,46.4158883361278,0.822970941186755,0.322718829962187
6,1006,1015186,nvar_degree_3,257,220,9,100,0.821345397648188,0.32539173776214
6,1006,1015186,nvar_degree_3,351,286,10,100,0.820629402407135,0.326567383904909
6,1006,1015186,nvar_degree_3,513,455,12,10,0.428779267217058,0.816148340004803
6,1006,1015186,nvar_degree_3,1025,969,16,4.64158883361278,0.306284964739268,0.906189520374665
6,1006,1015186,nvar_degree_3,2049,2024,21,4.64158883361278,0.231430725541614,0.946439819275282
6,1006,1015186,tapped_esn,65,53,4,0.0464158883361278,0.404049048663066,0.836744366274471
6,1006,1015186,tapped_esn,129,118,9,0.00464158883361278,0.396004010125123,0.843180823964821
6,1006,1015186,tapped_esn,257,248,19,1e-06,0.347883127047485,0.878977329915663
6,1006,1015186,tapped_esn,351,339,26,0.0001,0.289655534351896,0.916099671419318
6,1006,1015186,tapped_esn,513,508,39,4.64158883361278e-05,0.22326063723423,0.950154687861766
6,1006,1015186,tapped_esn,1025,1015,78,1e-05,0.175488807518003,0.969203678435909
6,1006,1015186,tapped_esn,2049,2042,157,1e-05,0.155566166654436,0.975799167792444
7,1007,1016195,input_delays,65,65,64,1e-06,0.366196422083588,0.865900180453179
7,1007,1016195,input_delays,129,129,128,1e-06,0.367003509029727,0.865308424359867
7,1007,1016195,input_delays,257,257,256,1e-06,0.367631712417123,0.864846924025254
7,1007,1016195,input_delays,351,351,350,1e-06,0.369837335587111,0.863220345205827
7,1007,1016195,input_delays,513,513,512,1e-06,0.374052448325385,0.860084765901786
7,1007,1016195,input_delays,1025,1025,1024,4.64158883361278,0.387711505589577,0.849679788433464
7,1007,1016195,input_delays,2049,2049,2048,215.443469003188,0.400668201431934,0.839464992361299
7,1007,1016195,nvar_degree_2,65,55,9,1e-06,0.812951768162196,0.33910942264196
7,1007,1016195,nvar_degree_2,129,120,14,1e-06,0.270302946424839,0.926936317154051
7,1007,1016195,nvar_degree_2,257,253,21,1e-06,0.15147564243251,0.977055129749658
7,1007,1016195,nvar_degree_2,351,351,25,1e-06,0.101996982814958,0.989596615496645
7,1007,1016195,nvar_degree_2,513,496,30,1e-06,0.0736913046111392,0.994569591624708
7,1007,1016195,nvar_degree_2,1025,990,43,1e-06,0.0515415577989083,0.997343467819662
7,1007,1016195,nvar_degree_2,2049,2016,62,1e-06,0.0507510557783566,0.997424330337382
7,1007,1016195,nvar_degree_3,65,56,5,46.4158883361278,0.81829039500822,0.330400829437291
7,1007,1016195,nvar_degree_3,129,120,7,46.4158883361278,0.817676864400083,0.331404545424847
7,1007,1016195,nvar_degree_3,257,220,9,100,0.815920166112881,0.334274282530329
7,1007,1016195,nvar_degree_3,351,286,10,100,0.814627533213076,0.336381982131179
7,1007,1016195,nvar_degree_3,513,455,12,10,0.370452098363505,0.862765242818076
7,1007,1016195,nvar_degree_3,1025,969,16,4.64158883361278,0.233122050285632,0.945654109670623
7,1007,1016195,nvar_degree_3,2049,2024,21,4.64158883361278,0.153823923839277,0.976338200454688
7,1007,1016195,tapped_esn,65,53,4,0.0464158883361278,0.365496338075158,0.866412426853649
7,1007,1016195,tapped_esn,129,118,9,0.00464158883361278,0.351881332972901,0.876179527505214
7,1007,1016195,tapped_esn,257,248,19,1e-06,0.29996622514693,0.910020263771101
7,1007,1016195,tapped_esn,351,339,26,0.0001,0.257329918788402,0.933781312896355
7,1007,1016195,tapped_esn,513,508,39,4.64158883361278e-05,0.143621518637321,0.97937285938431
7,1007,1016195,tapped_esn,1025,1015,78,1e-05,0.0795643545144743,0.993669513490695
7,1007,1016195,tapped_esn,2049,2042,157,1e-05,0.0643304659198063,0.995861591154541
8,1008,1017204,input_delays,65,65,64,1e-06,0.37496189844015,0.859403574718159
8,1008,1017204,input_delays,129,129,128,1e-06,0.374541814878002,0.859718428907892
8,1008,1017204,input_delays,257,257,256,1e-06,0.375468947262773,0.859023069641385
8,1008,1017204,input_delays,351,351,350,1e-06,0.377387476792551,0.857578692360151
8,1008,1017204,input_delays,513,513,512,1e-06,0.380748436244152,0.855030628297633
8,1008,1017204,input_delays,1025,1025,1024,4.64158883361278,0.384853055557844,0.851888125627791
8,1008,1017204,input_delays,2049,2049,2048,215.443469003188,0.400763045678842,0.839388981218218
8,1008,1017204,nvar_degree_2,65,55,9,1e-06,0.800712082472653,0.358860160982308
8,1008,1017204,nvar_degree_2,129,120,14,1e-06,0.277635424357338,0.922918571141921
8,1008,1017204,nvar_degree_2,257,253,21,1e-06,0.165888562761155,0.972480984745038
8,1008,1017204,nvar_degree_2,351,351,25,1e-06,0.118908415230778,0.985860788787305
8,1008,1017204,nvar_degree_2,513,496,30,1e-06,0.0920490670321281,0.991526969258515
8,1008,1017204,nvar_degree_2,1025,990,43,1e-06,0.0735768100664341,0.994586453020448
8,1008,1017204,nvar_degree_2,2049,2016,62,1e-06,0.0754460298640584,0.994307896577752
8,1008,1017204,nvar_degree_3,65,56,5,46.4158883361278,0.805875742203351,0.350564288128198
8,1008,1017204,nvar_degree_3,129,120,7,46.4158883361278,0.804946306264509,0.352061444031123
8,1008,1017204,nvar_degree_3,257,220,9,100,0.805962629231665,0.350424240281981
8,1008,1017204,nvar_degree_3,351,286,10,100,0.804551524650869,0.352696844181962
8,1008,1017204,nvar_degree_3,513,455,12,10,0.379820623946715,0.855736293624728
8,1008,1017204,nvar_degree_3,1025,969,16,4.64158883361278,0.249321618397135,0.937838730599833
8,1008,1017204,nvar_degree_3,2049,2024,21,4.64158883361278,0.178354816931014,0.968189559277505
8,1008,1017204,tapped_esn,65,53,4,0.0464158883361278,0.379370247580547,0.856078215250674
8,1008,1017204,tapped_esn,129,118,9,0.00464158883361278,0.374175090650704,0.859993001536537
8,1008,1017204,tapped_esn,257,248,19,1e-06,0.319843486327539,0.897700144253845
8,1008,1017204,tapped_esn,351,339,26,0.0001,0.225040188943022,0.949356913360489
8,1008,1017204,tapped_esn,513,508,39,4.64158883361278e-05,0.170973267163461,0.970768141915452
8,1008,1017204,tapped_esn,1025,1015,78,1e-05,0.106885753743897,0.988575435646599
8,1008,1017204,tapped_esn,2049,2042,157,1e-05,0.094279590999306,0.991111358721004
9,1009,1018214,input_delays,65,65,64,1e-06,0.391915473302113,0.846402261786381
9,1009,1018214,input_delays,129,129,128,1e-06,0.394614101847619,0.844279710622997
9,1009,1018214,input_delays,257,257,256,1e-06,0.396248989882443,0.842986738017143
9,1009,1018214,input_delays,351,351,350,1e-06,0.397395315390951,0.842076963305326
9,1009,1018214,input_delays,513,513,512,1e-06,0.398544191727096,0.841162527240596
9,1009,1018214,input_delays,1025,1025,1024,4.64158883361278,0.407818875093282,0.83368376511765
9,1009,1018214,input_delays,2049,2049,2048,215.443469003188,0.422516918311291,0.82147945374073
9,1009,1018214,nvar_degree_2,65,55,9,1e-06,0.807338253006495,0.348204945232421
9,1009,1018214,nvar_degree_2,129,120,14,1e-06,0.27935615816522,0.921960136895168
9,1009,1018214,nvar_degree_2,257,253,21,1e-06,0.169911278464345,0.971130157450612
9,1009,1018214,nvar_degree_2,351,351,25,1e-06,0.127072015640775,0.983852702840991
9,1009,1018214,nvar_degree_2,513,496,30,1e-06,0.103160738400839,0.989357862052594
9,1009,1018214,nvar_degree_2,1025,990,43,1e-06,0.0838386894146215,0.992971074157239
9,1009,1018214,nvar_degree_2,2049,2016,62,1e-06,0.081738088545717,0.993318884880892
9,1009,1018214,nvar_degree_3,65,56,5,46.4158883361278,0.817652471794561,0.331444435368244
9,1009,1018214,nvar_degree_3,129,120,7,46.4158883361278,0.814637167703004,0.336366284996827
9,1009,1018214,nvar_degree_3,257,220,9,100,0.815470064494527,0.335008573913292
9,1009,1018214,nvar_degree_3,351,286,10,100,0.814593539770948,0.336437364963436
9,1009,1018214,nvar_degree_3,513,455,12,10,0.38053714812407,0.855191478897599
9,1009,1018214,nvar_degree_3,1025,969,16,4.64158883361278,0.248778444664206,0.938109285470458
9,1009,1018214,nvar_degree_3,2049,2024,21,4.64158883361278,0.172603350258604,0.970208083479506
9,1009,1018214,tapped_esn,65,53,4,0.0464158883361278,0.395241995785793,0.843783764767263
9,1009,1018214,tapped_esn,129,118,9,0.00464158883361278,0.375333288018687,0.859124922905082
9,1009,1018214,tapped_esn,257,248,19,1e-06,0.306080163957054,0.906314933232023
9,1009,1018214,tapped_esn,351,339,26,0.0001,0.24412073137181,0.940405068514493
9,1009,1018214,tapped_esn,513,508,39,4.64158883361278e-05,0.17494453081461,0.969394411138056
9,1009,1018214,tapped_esn,1025,1015,78,1e-05,0.111621649387698,0.98754060738797
9,1009,1018214,tapped_esn,2049,2042,157,1e-05,0.0954429557675254,0.990890642194358
10,1010,1019222,input_delays,65,65,64,1e-06,0.386034112105853,0.850977664290645
10,1010,1019222,input_delays,129,129,128,1e-06,0.38758835872114,0.849775264183853
10,1010,1019222,input_delays,257,257,256,1e-06,0.390097603122858,0.847823860037801
10,1010,1019222,input_delays,351,351,350,1e-06,0.391039436589163,0.84708815903203
10,1010,1019222,input_delays,513,513,512,1e-06,0.394056835807095,0.8447192101537
10,1010,1019222,input_delays,1025,1025,1024,4.64158883361278,0.402123241875948,0.838296898343178
10,1010,1019222,input_delays,2049,2049,2048,215.443469003188,0.405815002050991,0.835314184110354
10,1010,1019222,nvar_degree_2,65,55,9,1e-06,0.810453367636734,0.343165338886277
10,1010,1019222,nvar_degree_2,129,120,14,1e-06,0.287549924714531,0.917315040796668
10,1010,1019222,nvar_degree_2,257,253,21,1e-06,0.168327103123432,0.971665986354073
10,1010,1019222,nvar_degree_2,351,351,25,1e-06,0.120261422215322,0.985537190326748
10,1010,1019222,nvar_degree_2,513,496,30,1e-06,0.0937108566483923,0.991218275346225
10,1010,1019222,nvar_degree_2,1025,990,43,1e-06,0.0757227288675066,0.994266068332858
10,1010,1019222,nvar_degree_2,2049,2016,62,1e-06,0.0761549136690257,0.994200429124063
10,1010,1019222,nvar_degree_3,65,56,5,46.4158883361278,0.820549731797204,0.326698137647537
10,1010,1019222,nvar_degree_3,129,120,7,46.4158883361278,0.81607808142433,0.334016565018784
10,1010,1019222,nvar_degree_3,257,220,9,100,0.8143704351933,0.336800794283075
10,1010,1019222,nvar_degree_3,351,286,10,100,0.814262304279284,0.336976899829791
10,1010,1019222,nvar_degree_3,513,455,12,10,0.385772216872547,0.85117979668924
10,1010,1019222,nvar_degree_3,1025,969,16,4.64158883361278,0.250939665919513,0.937029284068203
10,1010,1019222,nvar_degree_3,2049,2024,21,4.64158883361278,0.169528024425822,0.971260248934278
10,1010,1019222,tapped_esn,65,53,4,0.0464158883361278,0.390743620402691,0.847319423114598
10,1010,1019222,tapped_esn,129,118,9,0.00464158883361278,0.381631055560885,0.854357737431485
10,1010,1019222,tapped_esn,257,248,19,1e-06,0.330295637181738,0.89090479205871
10,1010,1019222,tapped_esn,351,339,26,0.0001,0.264305681343939,0.930142506809316
10,1010,1019222,tapped_esn,513,508,39,4.64158883361278e-05,0.197309471453644,0.961068972474684
10,1010,1019222,tapped_esn,1025,1015,78,1e-05,0.107655156008569,0.988410367384771
10,1010,1019222,tapped_esn,2049,2042,157,1e-05,0.0900572645080881,0.99188968910932
11,1011,1020231,input_delays,65,65,64,1e-06,0.383206922491609,0.85315245455451
11,1011,1020231,input_delays,129,129,128,1e-06,0.384101870583937,0.85246575301392
11,1011,1020231,input_delays,257,257,256,1e-06,0.385466705272556,0.85141541912632
11,1011,1020231,input_delays,351,351,350,1e-06,0.387820399935876,0.849595337393577
11,1011,1020231,input_delays,513,513,512,1e-06,0.388445574157472,0.849110035917472
11,1011,1020231,input_delays,1025,1025,1024,4.64158883361278,0.394981314375132,0.843989761294493
11,1011,1020231,input_delays,2049,2049,2048,215.443469003188,0.407811859933761,0.833689486897366
11,1011,1020231,nvar_degree_2,65,55,9,1e-06,0.793002197534997,0.371147514704666
11,1011,1020231,nvar_degree_2,129,120,14,1e-06,0.258887678594099,0.932977169872159
11,1011,1020231,nvar_degree_2,257,253,21,1e-06,0.146068505090522,0.97866399182062
11,1011,1020231,nvar_degree_2,351,351,25,1e-06,0.10263568742246,0.989465915667319
11,1011,1020231,nvar_degree_2,513,496,30,1e-06,0.078349750298678,0.993861316628135
11,1011,1020231,nvar_degree_2,1025,990,43,1e-06,0.0654019097311895,0.995722590203513
11,1011,1020231,nvar_degree_2,2049,2016,62,1e-06,0.0693009846563322,0.995197373525663
11,1011,1020231,nvar_degree_3,65,56,5,46.4158883361278,0.80255062141203,0.355912500071164
11,1011,1020231,nvar_degree_3,129,120,7,46.4158883361278,0.800018607301958,0.359970227970635
11,1011,1020231,nvar_degree_3,257,220,9,100,0.798463054931097,0.3624567499101
11,1011,1020231,nvar_degree_3,351,286,10,100,0.800778083812626,0.35875446048538
11,1011,1020231,nvar_degree_3,513,455,12,10,0.364787940663057,0.866929758346806
11,1011,1020231,nvar_degree_3,1025,969,16,4.64158883361278,0.226790657202599,0.948565997805613
11,1011,1020231,nvar_degree_3,2049,2024,21,4.64158883361278,0.150325708316137,0.977402181419252
11,1011,1020231,tapped_esn,65,53,4,0.0464158883361278,0.387146591205084,0.850117516918284
11,1011,1020231,tapped_esn,129,118,9,0.00464158883361278,0.386703305381716,0.850460553606855
11,1011,1020231,tapped_esn,257,248,19,1e-06,0.339318046563451,0.884863263276364
11,1011,1020231,tapped_esn,351,339,26,0.0001,0.280674413381259,0.921221873673086
11,1011,1020231,tapped_esn,513,508,39,4.64158883361278e-05,0.18698256789087,0.965037519304936
11,1011,1020231,tapped_esn,1025,1015,78,1e-05,0.0877732973539918,0.992295848271608
11,1011,1020231,tapped_esn,2049,2042,157,1e-05,0.0707157652349182,0.99499928054724
12,1012,1021241,input_delays,65,65,64,1e-06,0.370481910692607,0.862743153849555
12,1012,1021241,input_delays,129,129,128,1e-06,0.371326108845655,0.862116920889545
12,1012,1021241,input_delays,257,257,256,1e-06,0.374143117406194,0.860016927697575
12,1012,1021241,input_delays,351,351,350,1e-06,0.375793529455971,0.858779223219024
12,1012,1021241,input_delays,513,513,512,1e-06,0.381039302739763,0.854809049767596
12,1012,1021241,input_delays,1025,1025,1024,4.64158883361278,0.387613260781727,0.849755960066157
12,1012,1021241,input_delays,2049,2049,2048,215.443469003188,0.394568198092211,0.844315937054266
12,1012,1021241,nvar_degree_2,65,55,9,1e-06,0.809566090437038,0.34460274521449
12,1012,1021241,nvar_degree_2,129,120,14,1e-06,0.271520931900491,0.926276383539889
12,1012,1021241,nvar_degree_2,257,253,21,1e-06,0.148311768452757,0.978003619338416
12,1012,1021241,nvar_degree_2,351,351,25,1e-06,0.0960373928962433,0.990776819165693
12,1012,1021241,nvar_degree_2,513,496,30,1e-06,0.0666538468529517,0.995557264699703
12,1012,1021241,nvar_degree_2,1025,990,43,1e-06,0.0520728816215382,0.997288414999629
12,1012,1021241,nvar_degree_2,2049,2016,62,1e-06,0.0540690770993398,0.997076534901626
12,1012,1021241,nvar_degree_3,65,56,5,46.4158883361278,0.817574414434244,0.331572076862503
12,1012,1021241,nvar_degree_3,129,120,7,46.4158883361278,0.816736486303145,0.332941511941192
12,1012,1021241,nvar_degree_3,257,220,9,100,0.814740476217488,0.336197956412901
12,1012,1021241,nvar_degree_3,351,286,10,100,0.812374975493286,0.340046899192283
12,1012,1021241,nvar_degree_3,513,455,12,10,0.370175557825785,0.862970056388369
12,1012,1021241,nvar_degree_3,1025,969,16,4.64158883361278,0.233812104532189,0.945331899774228
12,1012,1021241,nvar_degree_3,2049,2024,21,4.64158883361278,0.154164956886721,0.976233166068116
12,1012,1021241,tapped_esn,65,53,4,0.0464158883361278,0.375244639660977,0.859191460405704
12,1012,1021241,tapped_esn,129,118,9,0.00464158883361278,0.370491509640646,0.862736041284195
12,1012,1021241,tapped_esn,257,248,19,1e-06,0.324862223537953,0.894464535717977
12,1012,1021241,tapped_esn,351,339,26,0.0001,0.266309767246651,0.929079107869035
12,1012,1021241,tapped_esn,513,508,39,4.64158883361278e-05,0.206737662208993,0.95725953902436
12,1012,1021241,tapped_esn,1025,1015,78,1e-05,0.0818659611439225,0.993297964405982
12,1012,1021241,tapped_esn,2049,2042,157,1e-05,0.0664521397057158,0.995584113128532
13,1013,1022249,input_delays,65,65,64,1e-06,0.38548000240707,0.851405167744246
13,1013,1022249,input_delays,129,129,128,1e-06,0.38749486749161,0.84984772766766
13,1013,1022249,input_delays,257,257,256,1e-06,0.388993731945939,0.848683876506771
13,1013,1022249,input_delays,351,351,350,1e-06,0.389542695880464,0.84825648808618
13,1013,1022249,input_delays,513,513,512,1e-06,0.392135299676127,0.846229906747914
13,1013,1022249,input_delays,1025,1025,1024,4.64158883361278,0.397004097980215,0.842387746186916
13,1013,1022249,input_delays,2049,2049,2048,215.443469003188,0.411298437014612,0.830833595709337
13,1013,1022249,nvar_degree_2,65,55,9,1e-06,0.834947845362915,0.302862095523825
13,1013,1022249,nvar_degree_2,129,120,14,1e-06,0.265863516525091,0.929316590580913
13,1013,1022249,nvar_degree_2,257,253,21,1e-06,0.150937379865807,0.977217907359245
13,1013,1022249,nvar_degree_2,351,351,25,1e-06,0.100238157045898,0.989952311872042
13,1013,1022249,nvar_degree_2,513,496,30,1e-06,0.0745693555025739,0.994439411219931
13,1013,1022249,nvar_degree_2,1025,990,43,1e-06,0.059208578701089,0.996494344208197
13,1013,1022249,nvar_degree_2,2049,2016,62,1e-06,0.0623799857728313,0.996108737374981
13,1013,1022249,nvar_degree_3,65,56,5,46.4158883361278,0.837056063602019,0.299337146387092
13,1013,1022249,nvar_degree_3,129,120,7,46.4158883361278,0.838732201821841,0.296528293627086
13,1013,1022249,nvar_degree_3,257,220,9,100,0.839408736599088,0.295392972921123
13,1013,1022249,nvar_degree_3,351,286,10,100,0.837847089984904,0.298012253803829
13,1013,1022249,nvar_degree_3,513,455,12,10,0.375171440818851,0.859246389993907
13,1013,1022249,nvar_degree_3,1025,969,16,4.64158883361278,0.240164640904416,0.942320945259253
13,1013,1022249,nvar_degree_3,2049,2024,21,4.64158883361278,0.167591579098835,0.971913062615159
13,1013,1022249,tapped_esn,65,53,4,0.0464158883361278,0.389292287433331,0.848451514944925
13,1013,1022249,tapped_esn,129,118,9,0.00464158883361278,0.373030861516078,0.860847976356573
13,1013,1022249,tapped_esn,257,248,19,1e-06,0.335057025706029,0.88773678952503
13,1013,1022249,tapped_esn,351,339,26,0.0001,0.261566437029054,0.931582999019926
13,1013,1022249,tapped_esn,513,508,39,4.64158883361278e-05,0.191426656800089,0.963355835066341
13,1013,1022249,tapped_esn,1025,1015,78,1e-05,0.077194933337103,0.99404094226708
13,1013,1022249,tapped_esn,2049,2042,157,1e-05,0.0627572916822336,0.996061522340711
14,1014,1023258,input_delays,65,65,64,1e-06,0.363236285138256,0.86805940115896
14,1014,1023258,input_delays,129,129,128,1e-06,0.364929602356096,0.866826385324222
14,1014,1023258,input_delays,257,257,256,1e-06,0.366159978957021,0.865926869810194
14,1014,1023258,input_delays,351,351,350,1e-06,0.366498569910709,0.865678798253406
14,1014,1023258,input_delays,513,513,512,1e-06,0.368377830136368,0.864297774264021
14,1014,1023258,input_delays,1025,1025,1024,4.64158883361278,0.37537890497352,0.859090677700881
14,1014,1023258,input_delays,2049,2049,2048,215.443469003188,0.384058159201131,0.852499330351039
14,1014,1023258,nvar_degree_2,65,55,9,1e-06,0.795956109391242,0.366453871922757
14,1014,1023258,nvar_degree_2,129,120,14,1e-06,0.253792420115696,0.935589407491818
14,1014,1023258,nvar_degree_2,257,253,21,1e-06,0.146279857830191,0.978602203193179
14,1014,1023258,nvar_degree_2,351,351,25,1e-06,0.101816484147563,0.989633403555829
14,1014,1023258,nvar_degree_2,513,496,30,1e-06,0.0770067617688227,0.99406995864188
14,1014,1023258,nvar_degree_2,1025,990,43,1e-06,0.0586904129156551,0.99655543543179
14,1014,1023258,nvar_degree_2,2049,2016,62,1e-06,0.0595373989991098,0.996455298120421
14,1014,1023258,nvar_degree_3,65,56,5,46.4158883361278,0.801855269380966,0.357028126965978
14,1014,1023258,nvar_degree_3,129,120,7,46.4158883361278,0.800235451172703,0.359623222686421
14,1014,1023258,nvar_degree_3,257,220,9,100,0.802543275484376,0.35592429097481
14,1014,1023258,nvar_degree_3,351,286,10,100,0.800141039888934,0.359774316285456
14,1014,1023258,nvar_degree_3,513,455,12,10,0.358799992234294,0.871262565572671
14,1014,1023258,nvar_degree_3,1025,969,16,4.64158883361278,0.230955222070811,0.946659685398223
14,1014,1023258,nvar_degree_3,2049,2024,21,4.64158883361278,0.160051293008238,0.974383583606391
14,1014,1023258,tapped_esn,65,53,4,0.0464158883361278,0.370988854296655,0.862367269987655
14,1014,1023258,tapped_esn,129,118,9,0.00464158883361278,0.364888406842737,0.866856450551769
14,1014,1023258,tapped_esn,257,248,19,1e-06,0.307442369510221,0.905479189429941
14,1014,1023258,tapped_esn,351,339,26,0.0001,0.257491360833606,0.933698199096058
14,1014,1023258,tapped_esn,513,508,39,4.64158883361278e-05,0.127684510483534,0.98369666578258
14,1014,1023258,tapped_esn,1025,1015,78,1e-05,0.0849471026578957,0.992783989750029
14,1014,1023258,tapped_esn,2049,2042,157,1e-05,0.0738357341632479,0.994548284360574
15,1015,1024267,input_delays,65,65,64,1e-06,0.385238026009914,0.851591663315985
15,1015,1024267,input_delays,129,129,128,1e-06,0.386327115526767,0.850751359808768
15,1015,1024267,input_delays,257,257,256,1e-06,0.387639597463321,0.849735542478474
15,1015,1024267,input_delays,351,351,350,1e-06,0.389739603450992,0.848103041501864
15,1015,1024267,input_delays,513,513,512,1e-06,0.391006288796677,0.84711408212145
15,1015,1024267,input_delays,1025,1025,1024,4.64158883361278,0.395659303427481,0.84345371561128
15,1015,1024267,input_delays,2049,2049,2048,215.443469003188,0.40921259268033,0.832545053991842
15,1015,1024267,nvar_degree_2,65,55,9,1e-06,0.804799151527325,0.352298325700898
15,1015,1024267,nvar_degree_2,129,120,14,1e-06,0.251499590946702,0.936747955753642
15,1015,1024267,nvar_degree_2,257,253,21,1e-06,0.139577375985504,0.980518156113001
15,1015,1024267,nvar_degree_2,351,351,25,1e-06,0.0917194680889847,0.991587539173474
15,1015,1024267,nvar_degree_2,513,496,30,1e-06,0.0646589962509662,0.995819214203818
15,1015,1024267,nvar_degree_2,1025,990,43,1e-06,0.0494133624713829,0.997558319609272
15,1015,1024267,nvar_degree_2,2049,2016,62,1e-06,0.0504223734306763,0.997457584257617
15,1015,1024267,nvar_degree_3,65,56,5,46.4158883361278,0.808654778312154,0.346077449512921
15,1015,1024267,nvar_degree_3,129,120,7,46.4158883361278,0.809164465430411,0.345252867884718
15,1015,1024267,nvar_degree_3,257,220,9,100,0.810528692613767,0.343043238449818
15,1015,1024267,nvar_degree_3,351,286,10,100,0.810798748478319,0.342605389465992
15,1015,1024267,nvar_degree_3,513,455,12,10,0.356925905627941,0.872603897891674
15,1015,1024267,nvar_degree_3,1025,969,16,4.64158883361278,0.218785343612553,0.952132973420337
15,1015,1024267,nvar_degree_3,2049,2024,21,4.64158883361278,0.146070235093641,0.978663486419688
15,1015,1024267,tapped_esn,65,53,4,0.0464158883361278,0.389132715184704,0.84857572997298
15,1015,1024267,tapped_esn,129,118,9,0.00464158883361278,0.374743431758623,0.85956736035377
15,1015,1024267,tapped_esn,257,248,19,1e-06,0.328351841069519,0.892185068466258
15,1015,1024267,tapped_esn,351,339,26,0.0001,0.216910906806713,0.95294965850829
15,1015,1024267,tapped_esn,513,508,39,4.64158883361278e-05,0.132433166771787,0.982461456338796
15,1015,1024267,tapped_esn,1025,1015,78,1e-05,0.0757565241557436,0.99426094904784
15,1015,1024267,tapped_esn,2049,2042,157,1e-05,0.0617071254599737,0.996192230667467
16,1016,1025276,input_delays,65,65,64,1e-06,0.381666500945059,0.854330682056355
16,1016,1025276,input_delays,129,129,128,1e-06,0.382671743356683,0.853562336836357
16,1016,1025276,input_delays,257,257,256,1e-06,0.38266746684257,0.85356560982029
16,1016,1025276,input_delays,351,351,350,1e-06,0.385131274055896,0.851673901744082
16,1016,1025276,input_delays,513,513,512,1e-06,0.38334040595041,0.853050133165775
16,1016,1025276,input_delays,1025,1025,1024,4.64158883361278,0.390058689032755,0.847854219110049
16,1016,1025276,input_delays,2049,2049,2048,215.443469003188,0.404791819092658,0.836143583195657
16,1016,1025276,nvar_degree_2,65,55,9,1e-06,0.806100366268034,0.350202199502541
16,1016,1025276,nvar_degree_2,129,120,14,1e-06,0.25606970311703,0.934428307145556
16,1016,1025276,nvar_degree_2,257,253,21,1e-06,0.14143447416859,0.979996289516655
16,1016,1025276,nvar_degree_2,351,351,25,1e-06,0.0965676724371218,0.990674684640077
16,1016,1025276,nvar_degree_2,513,496,30,1e-06,0.0730928456944407,0.994657435908289
16,1016,1025276,nvar_degree_2,1025,990,43,1e-06,0.060003242424637,0.99639961089853
16,1016,1025276,nvar_degree_2,2049,2016,62,1e-06,0.0605529673911624,0.996333338140125
16,1016,1025276,nvar_degree_3,65,56,5,46.4158883361278,0.817786163220427,0.331225791245214
16,1016,1025276,nvar_degree_3,129,120,7,46.4158883361278,0.814551523091946,0.33650581622859
16,1016,1025276,nvar_degree_3,257,220,9,100,0.815289696817969,0.335302710262464
16,1016,1025276,nvar_degree_3,351,286,10,100,0.817754978975227,0.331276794361225
16,1016,1025276,nvar_degree_3,513,455,12,10,0.369003464326876,0.863836443314764
16,1016,1025276,nvar_degree_3,1025,969,16,4.64158883361278,0.226853196565668,0.948537627207938
16,1016,1025276,nvar_degree_3,2049,2024,21,4.64158883361278,0.152870510333178,0.976630607070474
16,1016,1025276,tapped_esn,65,53,4,0.0464158883361278,0.388444246758654,0.849111067160102
16,1016,1025276,tapped_esn,129,118,9,0.00464158883361278,0.373582733451404,0.860435941266977
16,1016,1025276,tapped_esn,257,248,19,1e-06,0.313258911341047,0.901868854465422
16,1016,1025276,tapped_esn,351,339,26,0.0001,0.267133686720133,0.92863959341931
16,1016,1025276,tapped_esn,513,508,39,4.64158883361278e-05,0.162234434078425,0.973679988399253
16,1016,1025276,tapped_esn,1025,1015,78,1e-05,0.0879031850914454,0.992273030050779
16,1016,1025276,tapped_esn,2049,2042,157,1e-05,0.0733614803507495,0.994618093200747
17,1017,1026285,input_delays,65,65,64,1e-06,0.378098558835679,0.857041479806382
17,1017,1026285,input_delays,129,129,128,1e-06,0.37841434887179,0.856802580567939
17,1017,1026285,input_delays,257,257,256,1e-06,0.380920850346618,0.85489930577121
17,1017,1026285,input_delays,351,351,350,1e-06,0.383109942638886,0.85322677185123
17,1017,1026285,input_delays,513,513,512,1e-06,0.384990458781132,0.851782346647494
17,1017,1026285,input_delays,1025,1025,1024,4.64158883361278,0.397023415160862,0.842372407814006
17,1017,1026285,input_delays,2049,2049,2048,215.443469003188,0.41347637670166,0.829037285909667
17,1017,1026285,nvar_degree_2,65,55,9,1e-06,0.806163861144647,0.350099828984354
17,1017,1026285,nvar_degree_2,129,120,14,1e-06,0.305295781090947,0.906794486048069
17,1017,1026285,nvar_degree_2,257,253,21,1e-06,0.18222926872336,0.96679249362055
17,1017,1026285,nvar_degree_2,351,351,25,1e-06,0.130449162063761,0.982983016116863
17,1017,1026285,nvar_degree_2,513,496,30,1e-06,0.101740134014539,0.989648945130704
17,1017,1026285,nvar_degree_2,1025,990,43,1e-06,0.0790743975203286,0.993747239656797
17,1017,1026285,nvar_degree_2,2049,2016,62,1e-06,0.080556360078122,0.993510672850964
17,1017,1026285,nvar_degree_3,65,56,5,46.4158883361278,0.818521122150256,0.330023172593886
17,1017,1026285,nvar_degree_3,129,120,7,46.4158883361278,0.811859970808007,0.340883387799622
17,1017,1026285,nvar_degree_3,257,220,9,100,0.808686114155367,0.346026768772293
17,1017,1026285,nvar_degree_3,351,286,10,100,0.806659779843639,0.349299999582611
17,1017,1026285,nvar_degree_3,513,455,12,10,0.402863269184966,0.837701186341601
17,1017,1026285,nvar_degree_3,1025,969,16,4.64158883361278,0.269675802099641,0.927274961761915
17,1017,1026285,nvar_degree_3,2049,2024,21,4.64158883361278,0.187579626532508,0.964813883709925
17,1017,1026285,tapped_esn,65,53,4,0.0464158883361278,0.380626738908526,0.85512328562786
17,1017,1026285,tapped_esn,129,118,9,0.00464158883361278,0.369078650640651,0.863780949641276
17,1017,1026285,tapped_esn,257,248,19,1e-06,0.317459985364197,0.899219157692564
17,1017,1026285,tapped_esn,351,339,26,0.0001,0.284355342383967,0.919142039257697
17,1017,1026285,tapped_esn,513,508,39,4.64158883361278e-05,0.201849654637431,0.95925671692275
17,1017,1026285,tapped_esn,1025,1015,78,1e-05,0.103663025396476,0.98925397716565
17,1017,1026285,tapped_esn,2049,2042,157,1e-05,0.0846408969195806,0.992835918568649
18,1018,1027294,input_delays,65,65,64,1e-06,0.383399899798875,0.853004516834212
18,1018,1027294,input_delays,129,129,128,1e-06,0.383552898113714,0.852887174348571
18,1018,1027294,input_delays,257,257,256,1e-06,0.385142601262627,0.851665176692657
18,1018,1027294,input_delays,351,351,350,1e-06,0.384961504319325,0.851804640192203
18,1018,1027294,input_delays,513,513,512,1e-06,0.388913435094901,0.848746340002684
18,1018,1027294,input_delays,1025,1025,1024,4.64158883361278,0.394889886564261,0.844061977489265
18,1018,1027294,input_delays,2049,2049,2048,215.443469003188,0.403150546113087,0.83746963716872
18,1018,1027294,nvar_degree_2,65,55,9,1e-06,0.808784270321811,0.345868004080017
18,1018,1027294,nvar_degree_2,129,120,14,1e-06,0.29487909226097,0.913046320947347
18,1018,1027294,nvar_degree_2,257,253,21,1e-06,0.175535424795928,0.969187314641713
18,1018,1027294,nvar_degree_2,351,351,25,1e-06,0.126257278964988,0.984059099508357
18,1018,1027294,nvar_degree_2,513,496,30,1e-06,0.097180376666091,0.990555974391037
18,1018,1027294,nvar_degree_2,1025,990,43,1e-06,0.0717022195286241,0.994858791714669
18,1018,1027294,nvar_degree_2,2049,2016,62,1e-06,0.0706774389941874,0.995004699617223
18,1018,1027294,nvar_degree_3,65,56,5,46.4158883361278,0.81909639190001,0.329081100776385
18,1018,1027294,nvar_degree_3,129,120,7,46.4158883361278,0.81724357451613,0.332112939912099
18,1018,1027294,nvar_degree_3,257,220,9,100,0.815659829262708,0.33469904292713
18,1018,1027294,nvar_degree_3,351,286,10,100,0.815697269287058,0.334637964877637
18,1018,1027294,nvar_degree_3,513,455,12,10,0.397426795031764,0.842051942590781
18,1018,1027294,nvar_degree_3,1025,969,16,4.64158883361278,0.262045222225397,0.931332301508842
18,1018,1027294,nvar_degree_3,2049,2024,21,4.64158883361278,0.17795382701831,0.968332435449537
18,1018,1027294,tapped_esn,65,53,4,0.0464158883361278,0.407648802706598,0.833822453651877
18,1018,1027294,tapped_esn,129,118,9,0.00464158883361278,0.399207429474992,0.840633428251969
18,1018,1027294,tapped_esn,257,248,19,1e-06,0.35131649913875,0.876576717432893
18,1018,1027294,tapped_esn,351,339,26,0.0001,0.304880661105276,0.90704778248401
18,1018,1027294,tapped_esn,513,508,39,4.64158883361278e-05,0.20588751878016,0.957610329610549
18,1018,1027294,tapped_esn,1025,1015,78,1e-05,0.122065614349478,0.985099985793484
18,1018,1027294,tapped_esn,2049,2042,157,1e-05,0.0959777419684808,0.990788273046632
19,1019,1028303,input_delays,65,65,64,1e-06,0.384429945252148,0.85221361719343
19,1019,1028303,input_delays,129,129,128,1e-06,0.385459957371478,0.851420621263178
19,1019,1028303,input_delays,257,257,256,1e-06,0.388326499207376,0.849202530013344
19,1019,1028303,input_delays,351,351,350,1e-06,0.389173672315536,0.84854385277644
19,1019,1028303,input_delays,513,513,512,1e-06,0.389935426502484,0.847950363158326
19,1019,1028303,input_delays,1025,1025,1024,4.64158883361278,0.404002009894509,0.836782376001197
19,1019,1028303,input_delays,2049,2049,2048,215.443469003188,0.410015783813991,0.831887057023399
19,1019,1028303,nvar_degree_2,65,55,9,1e-06,0.823365239490097,0.322069682399415
19,1019,1028303,nvar_degree_2,129,120,14,1e-06,0.315657971508828,0.900360045022932
19,1019,1028303,nvar_degree_2,257,253,21,1e-06,0.186732191305194,0.96513108873036
19,1019,1028303,nvar_degree_2,351,351,25,1e-06,0.130978259101301,0.982844695642792
19,1019,1028303,nvar_degree_2,513,496,30,1e-06,0.0957610776446417,0.990829816008337
19,1019,1028303,nvar_degree_2,1025,990,43,1e-06,0.0712477665821145,0.99492375575706
19,1019,1028303,nvar_degree_2,2049,2016,62,1e-06,0.0728858379785709,0.994687654622161
19,1019,1028303,nvar_degree_3,65,56,5,46.4158883361278,0.835993156164016,0.301115442846927
19,1019,1028303,nvar_degree_3,129,120,7,46.4158883361278,0.832295920895414,0.307283500060855
19,1019,1028303,nvar_degree_3,257,220,9,100,0.832434063883966,0.307053529285625
19,1019,1028303,nvar_degree_3,351,286,10,100,0.833646393248329,0.305033691024052
19,1019,1028303,nvar_degree_3,513,455,12,10,0.424771171176479,0.819569452137363
19,1019,1028303,nvar_degree_3,1025,969,16,4.64158883361278,0.282993754976975,0.919914534644032
19,1019,1028303,nvar_degree_3,2049,2024,21,4.64158883361278,0.190730002058782,0.963622066314657
19,1019,1028303,tapped_esn,65,53,4,0.0464158883361278,0.385522570551469,0.851372347595388
19,1019,1028303,tapped_esn,129,118,9,0.00464158883361278,0.382823075980183,0.853446492497071
19,1019,1028303,tapped_esn,257,248,19,1e-06,0.289551153193605,0.916160129684254
19,1019,1028303,tapped_esn,351,339,26,0.0001,0.225056112169317,0.949349746375232
19,1019,1028303,tapped_esn,513,508,39,4.64158883361278e-05,0.141775367027054,0.979899745304344
19,1019,1028303,tapped_esn,1025,1015,78,1e-05,0.0951522097864374,0.990946056972758
19,1019,1028303,tapped_esn,2049,2042,157,1e-05,0.0765039885433766,0.994147139736955
20,1020,1029312,input_delays,65,65,64,1e-06,0.37283653664366,0.860992916943561
20,1020,1029312,input_delays,129,129,128,1e-06,0.372745240081893,0.861060985996292
20,1020,1029312,input_delays,257,257,256,1e-06,0.371078540589738,0.86230071671379
20,1020,1029312,input_delays,351,351,350,1e-06,0.372554088734338,0.861203450967327
20,1020,1029312,input_delays,513,513,512,1e-06,0.374490582120928,0.859756803902728
20,1020,1029312,input_delays,1025,1025,1024,4.64158883361278,0.382771203839438,0.853486205511307
20,1020,1029312,input_delays,2049,2049,2048,215.443469003188,0.399753563184162,0.840197088721566
20,1020,1029312,nvar_degree_2,65,55,9,1e-06,0.809311092800233,0.345015555070493
20,1020,1029312,nvar_degree_2,129,120,14,1e-06,0.329356725160482,0.891524147591563
20,1020,1029312,nvar_degree_2,257,253,21,1e-06,0.209544904193993,0.95609093312633
20,1020,1029312,nvar_degree_2,351,351,25,1e-06,0.15972636457814,0.974487488458651
20,1020,1029312,nvar_degree_2,513,496,30,1e-06,0.127029231383837,0.983863574374032
20,1020,1029312,nvar_degree_2,1025,990,43,1e-06,0.0957259465153849,0.990836543163734
20,1020,1029312,nvar_degree_2,2049,2016,62,1e-06,0.0943972807599673,0.991089153385124
20,1020,1029312,nvar_degree_3,65,56,5,46.4158883361278,0.820945822641218,0.326047956287934
20,1020,1029312,nvar_degree_3,129,120,7,46.4158883361278,0.813139352318641,0.338804393710821
20,1020,1029312,nvar_degree_3,257,220,9,100,0.810860037468564,0.342505999636479
20,1020,1029312,nvar_degree_3,351,286,10,100,0.810583863665625,0.342953799964908
20,1020,1029312,nvar_degree_3,513,455,12,10,0.425772410602158,0.818717854370028
20,1020,1029312,nvar_degree_3,1025,969,16,4.64158883361278,0.296483997723876,0.912097239093669
20,1020,1029312,nvar_degree_3,2049,2024,21,4.64158883361278,0.218045565762489,0.952456131251316
20,1020,1029312,tapped_esn,65,53,4,0.0464158883361278,0.389014167413214,0.848667977551804
20,1020,1029312,tapped_esn,129,118,9,0.00464158883361278,0.37697325384547,0.857891165885159
20,1020,1029312,tapped_esn,257,248,19,1e-06,0.345341785115459,0.880739051453268
20,1020,1029312,tapped_esn,351,339,26,0.0001,0.311467164897716,0.902988205190579
20,1020,1029312,tapped_esn,513,508,39,4.64158883361278e-05,0.213909839647608,0.954242580501935
20,1020,1029312,tapped_esn,1025,1015,78,1e-05,0.147424834422281,0.978265918195563
20,1020,1029312,tapped_esn,2049,2042,157,1e-05,0.135636545067307,0.981602727642204
21,1021,1030321,input_delays,65,65,64,1e-06,0.364281817283607,0.867298757596553
21,1021,1030321,input_delays,129,129,128,1e-06,0.365693195408238,0.866268486832112
21,1021,1030321,input_delays,257,257,256,1e-06,0.370974473900469,0.862377939714271
21,1021,1030321,input_delays,351,351,350,1e-06,0.371910695394173,0.861682434651423
21,1021,1030321,input_delays,513,513,512,1e-06,0.373699302066939,0.860348831634683
21,1021,1030321,input_delays,1025,1025,1024,4.64158883361278,0.38292842429766,0.853365821864912
21,1021,1030321,input_delays,2049,2049,2048,215.443469003188,0.401562167602562,0.838747825550332
21,1021,1030321,nvar_degree_2,65,55,9,1e-06,0.815301981451004,0.335282679042066
21,1021,1030321,nvar_degree_2,129,120,14,1e-06,0.262134884100161,0.931285302537795
21,1021,1030321,nvar_degree_2,257,253,21,1e-06,0.144457735327231,0.979131962704128
21,1021,1030321,nvar_degree_2,351,351,25,1e-06,0.0946938808573805,0.991033068928168
21,1021,1030321,nvar_degree_2,513,496,30,1e-06,0.0674765455121202,0.995446915805751
21,1021,1030321,nvar_degree_2,1025,990,43,1e-06,0.0509845186880032,0.997400578854153
21,1021,1030321,nvar_degree_2,2049,2016,62,1e-06,0.0512850013927422,0.997369848632146
21,1021,1030321,nvar_degree_3,65,56,5,46.4158883361278,0.820724598117381,0.326411134045063
21,1021,1030321,nvar_degree_3,129,120,7,46.4158883361278,0.818771419960316,0.329613361856168
21,1021,1030321,nvar_degree_3,257,220,9,100,0.819672148080085,0.328137569661779
21,1021,1030321,nvar_degree_3,351,286,10,100,0.819774811608746,0.327969258251845
21,1021,1030321,nvar_degree_3,513,455,12,10,0.370951389210151,0.862395066843059
21,1021,1030321,nvar_degree_3,1025,969,16,4.64158883361278,0.23119303557369,0.946549780302223
21,1021,1030321,nvar_degree_3,2049,2024,21,4.64158883361278,0.150708374353779,0.977286985899641
21,1021,1030321,tapped_esn,65,53,4,0.0464158883361278,0.36974642582633,0.863287580588654
21,1021,1030321,tapped_esn,129,118,9,0.00464158883361278,0.359925395234086,0.870453709865587
21,1021,1030321,tapped_esn,257,248,19,1e-06,0.30212272420307,0.908721859520116
21,1021,1030321,tapped_esn,351,339,26,0.0001,0.249777836565476,0.93761103236067
21,1021,1030321,tapped_esn,513,508,39,4.64158883361278e-05,0.188177520837437,0.964589220651476
21,1021,1030321,tapped_esn,1025,1015,78,1e-05,0.0939398111822522,0.991175311875043
21,1021,1030321,tapped_esn,2049,2042,157,1e-05,0.0631271473211785,0.99601496327109
22,1022,1031331,input_delays,65,65,64,1e-06,0.383748356694341,0.852737198734393
22,1022,1031331,input_delays,129,129,128,1e-06,0.384828957681129,0.851906673330056
22,1022,1031331,input_delays,257,257,256,1e-06,0.388975945638607,0.848697713714551
22,1022,1031331,input_delays,351,351,350,1e-06,0.390807652552205,0.847269378706635
22,1022,1031331,input_delays,513,513,512,1e-06,0.393152029216083,0.845431481923276
22,1022,1031331,input_delays,1025,1025,1024,4.64158883361278,0.403605236135844,0.837102813363729
22,1022,1031331,input_delays,2049,2049,2048,215.443469003188,0.41260499867303,0.829757115070029
22,1022,1031331,nvar_degree_2,65,55,9,1e-06,0.797967284789648,0.363248212405437
22,1022,1031331,nvar_degree_2,129,120,14,1e-06,0.258123228770489,0.933372398769098
22,1022,1031331,nvar_degree_2,257,253,21,1e-06,0.143215276841559,0.979489384479196
22,1022,1031331,nvar_degree_2,351,351,25,1e-06,0.103849514668226,0.989215278303174
22,1022,1031331,nvar_degree_2,513,496,30,1e-06,0.0881754640655946,0.992225087536817
22,1022,1031331,nvar_degree_2,1025,990,43,1e-06,0.0849740743551644,0.992779406687483
22,1022,1031331,nvar_degree_2,2049,2016,62,1e-06,0.0925923682565697,0.99142665334064
22,1022,1031331,nvar_degree_3,65,56,5,46.4158883361278,0.807265571445058,0.348322297159485
22,1022,1031331,nvar_degree_3,129,120,7,46.4158883361278,0.803678785809537,0.354100409239709
22,1022,1031331,nvar_degree_3,257,220,9,100,0.803832259707554,0.353853698253448
22,1022,1031331,nvar_degree_3,351,286,10,100,0.804453471175356,0.352854612713921
22,1022,1031331,nvar_degree_3,513,455,12,10,0.369940464277068,0.863144052890468
22,1022,1031331,nvar_degree_3,1025,969,16,4.64158883361278,0.235168739990837,0.944695663731122
22,1022,1031331,nvar_degree_3,2049,2024,21,4.64158883361278,0.168124174922556,0.97173426180661
22,1022,1031331,tapped_esn,65,53,4,0.0464158883361278,0.391166021377798,0.846989143719464
22,1022,1031331,tapped_esn,129,118,9,0.00464158883361278,0.384109277934678,0.8524600626045
22,1022,1031331,tapped_esn,257,248,19,1e-06,0.353076405137178,0.875337052135408
22,1022,1031331,tapped_esn,351,339,26,0.0001,0.225581623399439,0.949112931184474
22,1022,1031331,tapped_esn,513,508,39,4.64158883361278e-05,0.153074483591497,0.976568202473197
22,1022,1031331,tapped_esn,1025,1015,78,1e-05,0.108473001413044,0.988233607964446
22,1022,1031331,tapped_esn,2049,2042,157,1e-05,0.101924690286169,0.989611357510069
23,1023,1032339,input_delays,65,65,64,1e-06,0.390829218928618,0.847252521631646
23,1023,1032339,input_delays,129,129,128,1e-06,0.391253710790775,0.846920533792449
23,1023,1032339,input_delays,257,257,256,1e-06,0.390838379899582,0.84724536079747
23,1023,1032339,input_delays,351,351,350,1e-06,0.392899524754222,0.845629963447907
23,1023,1032339,input_delays,513,513,512,1e-06,0.393103102808752,0.845469950562132
23,1023,1032339,input_delays,1025,1025,1024,4.64158883361278,0.401786276742468,0.838567787821425
23,1023,1032339,input_delays,2049,2049,2048,215.443469003188,0.414596864241461,0.828109440161147
23,1023,1032339,nvar_degree_2,65,55,9,1e-06,0.810416037171852,0.343225846694671
23,1023,1032339,nvar_degree_2,129,120,14,1e-06,0.272613636455276,0.92568180521863
23,1023,1032339,nvar_degree_2,257,253,21,1e-06,0.155293070210552,0.975884062344581
23,1023,1032339,nvar_degree_2,351,351,25,1e-06,0.105263453801194,0.988919605293844
23,1023,1032339,nvar_degree_2,513,496,30,1e-06,0.0814542657938639,0.993365202583983
23,1023,1032339,nvar_degree_2,1025,990,43,1e-06,0.0672056238747927,0.9954834041196
23,1023,1032339,nvar_degree_2,2049,2016,62,1e-06,0.0689346142392287,0.995248018959689
23,1023,1032339,nvar_degree_3,65,56,5,46.4158883361278,0.815967333819032,0.33419731014026
23,1023,1032339,nvar_degree_3,129,120,7,46.4158883361278,0.813890364354893,0.33758247481026
23,1023,1032339,nvar_degree_3,257,220,9,100,0.818856262182664,0.329474421884237
23,1023,1032339,nvar_degree_3,351,286,10,100,0.821336933658325,0.32540564140874
23,1023,1032339,nvar_degree_3,513,455,12,10,0.380401907477615,0.855294388787392
23,1023,1032339,nvar_degree_3,1025,969,16,4.64158883361278,0.239929082104346,0.942434035560566
23,1023,1032339,nvar_degree_3,2049,2024,21,4.64158883361278,0.161870253272766,0.97379802110541
23,1023,1032339,tapped_esn,65,53,4,0.0464158883361278,0.389697313734988,0.848136003667734
23,1023,1032339,tapped_esn,129,118,9,0.00464158883361278,0.385558850930965,0.851344372468793
23,1023,1032339,tapped_esn,257,248,19,1e-06,0.315448121613585,0.900492482570461
23,1023,1032339,tapped_esn,351,339,26,0.0001,0.288700089077442,0.916652258566677
23,1023,1032339,tapped_esn,513,508,39,4.64158883361278e-05,0.194300769797657,0.962247210856038
23,1023,1032339,tapped_esn,1025,1015,78,1e-05,0.0841295545629956,0.992922218049032
23,1023,1032339,tapped_esn,2049,2042,157,1e-05,0.0666748915611423,0.99555445883531
24,1024,1033348,input_delays,65,65,64,1e-06,0.380235711365072,0.855420803802698
24,1024,1033348,input_delays,129,129,128,1e-06,0.380507478320367,0.855214058942276
24,1024,1033348,input_delays,257,257,256,1e-06,0.3820230832641,0.854058363853391
24,1024,1033348,input_delays,351,351,350,1e-06,0.384660157957625,0.852036562880015
24,1024,1033348,input_delays,513,513,512,1e-06,0.389473780778569,0.848310174086047
24,1024,1033348,input_delays,1025,1025,1024,4.64158883361278,0.393112846546779,0.845462289879888
24,1024,1033348,input_delays,2049,2049,2048,215.443469003188,0.405472864568085,0.835591756098951
24,1024,1033348,nvar_degree_2,65,55,9,1e-06,0.807469752098265,0.347992599446366
24,1024,1033348,nvar_degree_2,129,120,14,1e-06,0.251311541311667,0.936842509203554
24,1024,1033348,nvar_degree_2,257,253,21,1e-06,0.14301896458646,0.979545575768617
24,1024,1033348,nvar_degree_2,351,351,25,1e-06,0.0998873314317815,0.990022521019437
24,1024,1033348,nvar_degree_2,513,496,30,1e-06,0.0784724143247003,0.993842080190053
24,1024,1033348,nvar_degree_2,1025,990,43,1e-06,0.0740279540882727,0.994519862013505
24,1024,1033348,nvar_degree_2,2049,2016,62,1e-06,0.0870169251441989,0.992428054738449
24,1024,1033348,nvar_degree_3,65,56,5,46.4158883361278,0.809195650335292,0.345202399478444
24,1024,1033348,nvar_degree_3,129,120,7,46.4158883361278,0.808580600807368,0.346197411997996
24,1024,1033348,nvar_degree_3,257,220,9,100,0.810440187160336,0.343186703035519
24,1024,1033348,nvar_degree_3,351,286,10,100,0.811783471693567,0.341007595085139
24,1024,1033348,nvar_degree_3,513,455,12,10,0.358706883204209,0.871329371941922
24,1024,1033348,nvar_degree_3,1025,969,16,4.64158883361278,0.226079743834419,0.948887949427764
24,1024,1033348,nvar_degree_3,2049,2024,21,4.64158883361278,0.162422218871904,0.973619022816727
24,1024,1033348,tapped_esn,65,53,4,0.0464158883361278,0.380991148304126,0.854845744913903
24,1024,1033348,tapped_esn,129,118,9,0.00464158883361278,0.375096745834902,0.859302431264067
24,1024,1033348,tapped_esn,257,248,19,1e-06,0.315303142077901,0.900583928595803
24,1024,1033348,tapped_esn,351,339,26,0.0001,0.240691925107795,0.942067397187904
24,1024,1033348,tapped_esn,513,508,39,4.64158883361278e-05,0.162015261249147,0.973751055122371
24,1024,1033348,tapped_esn,1025,1015,78,1e-05,0.0890738186707596,0.992065854827409
24,1024,1033348,tapped_esn,2049,2042,157,1e-05,0.0837968828122422,0.992978082430951
25,1025,1034358,input_delays,65,65,64,1e-06,0.391348016773402,0.846846729767525
25,1025,1034358,input_delays,129,129,128,1e-06,0.394037751982943,0.844734250012229
25,1025,1034358,input_delays,257,257,256,1e-06,0.396057579065929,0.843138394064435
25,1025,1034358,input_delays,351,351,350,1e-06,0.397741425020899,0.841801758822345
25,1025,1034358,input_delays,513,513,512,1e-06,0.402111708991137,0.838306173492227
25,1025,1034358,input_delays,1025,1025,1024,4.64158883361278,0.409775316511616,0.832084189977805
25,1025,1034358,input_delays,2049,2049,2048,215.443469003188,0.430554493387598,0.814622828223748
25,1025,1034358,nvar_degree_2,65,55,9,1e-06,0.81473585416683,0.336205487935046
25,1025,1034358,nvar_degree_2,129,120,14,1e-06,0.260434443755196,0.932173900505922
25,1025,1034358,nvar_degree_2,257,253,21,1e-06,0.155188503338334,0.975916528431608
25,1025,1034358,nvar_degree_2,351,351,25,1e-06,0.119753429996519,0.985659116004069
25,1025,1034358,nvar_degree_2,513,496,30,1e-06,0.107774196768343,0.988384722510939
25,1025,1034358,nvar_degree_2,1025,990,43,1e-06,0.106610377199818,0.988634227473313
25,1025,1034358,nvar_degree_2,2049,2016,62,1e-06,0.120146834319222,0.985564738203069
25,1025,1034358,nvar_degree_3,65,56,5,46.4158883361278,0.818168879990676,0.330599683814802
25,1025,1034358,nvar_degree_3,129,120,7,46.4158883361278,0.821721033456149,0.324774543175758
25,1025,1034358,nvar_degree_3,257,220,9,100,0.823020579527923,0.322637125673522
25,1025,1034358,nvar_degree_3,351,286,10,100,0.82391866782688,0.32115802880638
25,1025,1034358,nvar_degree_3,513,455,12,10,0.370710676537195,0.862573594301335
25,1025,1034358,nvar_degree_3,1025,969,16,4.64158883361278,0.241100517039826,0.941870540683129
25,1025,1034358,nvar_degree_3,2049,2024,21,4.64158883361278,0.187086155367099,0.964998770469958
25,1025,1034358,tapped_esn,65,53,4,0.0464158883361278,0.389090744349549,0.848608392661514
25,1025,1034358,tapped_esn,129,118,9,0.00464158883361278,0.373551973453268,0.860458923129169
25,1025,1034358,tapped_esn,257,248,19,1e-06,0.313326773676991,0.901826332897168
25,1025,1034358,tapped_esn,351,339,26,0.0001,0.251887956147484,0.936552457547843
25,1025,1034358,tapped_esn,513,508,39,4.64158883361278e-05,0.157535221897996,0.975182653861549
25,1025,1034358,tapped_esn,1025,1015,78,1e-05,0.119491650906501,0.985721745363639
25,1025,1034358,tapped_esn,2049,2042,157,1e-05,0.119158958743392,0.985801142551191
26,1026,1035366,input_delays,65,65,64,1e-06,0.376479995329688,0.858262813116558
26,1026,1035366,input_delays,129,129,128,1e-06,0.376597665890861,0.858174198045556
26,1026,1035366,input_delays,257,257,256,1e-06,0.376179241939909,0.858489177933516
26,1026,1035366,input_delays,351,351,350,1e-06,0.376980534559268,0.857885676563409
26,1026,1035366,input_delays,513,513,512,1e-06,0.381222318202092,0.854669544104623
26,1026,1035366,input_delays,1025,1025,1024,4.64158883361278,0.389668162720989,0.848158722961649
26,1026,1035366,input_delays,2049,2049,2048,215.443469003188,0.405528407039499,0.835546711084006
26,1026,1035366,nvar_degree_2,65,55,9,1e-06,0.803184407227198,0.354894807987095
26,1026,1035366,nvar_degree_2,129,120,14,1e-06,0.305190792734437,0.906858580030126
26,1026,1035366,nvar_degree_2,257,253,21,1e-06,0.187633700977088,0.964793594257641
26,1026,1035366,nvar_degree_2,351,351,25,1e-06,0.139313934443912,0.980591627669757
26,1026,1035366,nvar_degree_2,513,496,30,1e-06,0.109233428004857,0.988068058206308
26,1026,1035366,nvar_degree_2,1025,990,43,1e-06,0.0828253491992596,0.993139961530021
26,1026,1035366,nvar_degree_2,2049,2016,62,1e-06,0.0834582486667034,0.993034720729487
26,1026,1035366,nvar_degree_3,65,56,5,46.4158883361278,0.814920985790972,0.335903786917471
26,1026,1035366,nvar_degree_3,129,120,7,46.4158883361278,0.810639526616127,0.342863557887582
26,1026,1035366,nvar_degree_3,257,220,9,100,0.81057585618558,0.342966781369014
26,1026,1035366,nvar_degree_3,351,286,10,100,0.81062604274754,0.342885418819463
26,1026,1035366,nvar_degree_3,513,455,12,10,0.405550159021767,0.835529068517419
26,1026,1035366,nvar_degree_3,1025,969,16,4.64158883361278,0.270951300055725,0.926585392998112
26,1026,1035366,nvar_degree_3,2049,2024,21,4.64158883361278,0.190470879171791,0.963720844187525
26,1026,1035366,tapped_esn,65,53,4,0.0464158883361278,0.382826761161026,0.853443670938959
26,1026,1035366,tapped_esn,129,118,9,0.00464158883361278,0.368505022061917,0.864204048715146
26,1026,1035366,tapped_esn,257,248,19,1e-06,0.298212189376757,0.911069490107121
26,1026,1035366,tapped_esn,351,339,26,0.0001,0.239751639617348,0.942519151300793
26,1026,1035366,tapped_esn,513,508,39,4.64158883361278e-05,0.174867435723139,0.969421379923614
26,1026,1035366,tapped_esn,1025,1015,78,1e-05,0.124444277559385,0.984513621782723
26,1026,1035366,tapped_esn,2049,2042,157,1e-05,0.106102274032495,0.988742307445133
27,1027,1036375,input_delays,65,65,64,1e-06,0.404092135093547,0.836709546355539
27,1027,1036375,input_delays,129,129,128,1e-06,0.404591141736338,0.836306008028487
27,1027,1036375,input_delays,257,257,256,1e-06,0.404741814683601,0.836184063446626
27,1027,1036375,input_delays,351,351,350,1e-06,0.405367660900031,0.835677059496437
27,1027,1036375,input_delays,513,513,512,1e-06,0.409199817032053,0.832555509740934
27,1027,1036375,input_delays,1025,1025,1024,4.64158883361278,0.415676540927671,0.827213013322406
27,1027,1036375,input_delays,2049,2049,2048,215.443469003188,0.419383688916201,0.824117321471039
27,1027,1036375,nvar_degree_2,65,55,9,1e-06,0.809490649529064,0.344724888325013
27,1027,1036375,nvar_degree_2,129,120,14,1e-06,0.345173993009564,0.880854914549833
27,1027,1036375,nvar_degree_2,257,253,21,1e-06,0.235227786730544,0.94466788834985
27,1027,1036375,nvar_degree_2,351,351,25,1e-06,0.191284920982068,0.963410079004884
27,1027,1036375,nvar_degree_2,513,496,30,1e-06,0.164973191565766,0.972783846064605
27,1027,1036375,nvar_degree_2,1025,990,43,1e-06,0.140892012574582,0.980149440792684
27,1027,1036375,nvar_degree_2,2049,2016,62,1e-06,0.137433352191984,0.981112073705274
27,1027,1036375,nvar_degree_3,65,56,5,46.4158883361278,0.823152166212319,0.322420511259967
27,1027,1036375,nvar_degree_3,129,120,7,46.4158883361278,0.815935418190957,0.334249393341549
27,1027,1036375,nvar_degree_3,257,220,9,100,0.811980344506776,0.340687920134658
27,1027,1036375,nvar_degree_3,351,286,10,100,0.811270761905768,0.341839750876834
27,1027,1036375,nvar_degree_3,513,455,12,10,0.432133475032077,0.813260659756701
27,1027,1036375,nvar_degree_3,1025,969,16,4.64158883361278,0.309262917686996,0.904356447743726
27,1027,1036375,nvar_degree_3,2049,2024,21,4.64158883361278,0.232320292020964,0.946027281915294
27,1027,1036375,tapped_esn,65,53,4,0.0464158883361278,0.419539067879349,0.823986970522927
27,1027,1036375,tapped_esn,129,118,9,0.00464158883361278,0.415188821867102,0.827618242196608
27,1027,1036375,tapped_esn,257,248,19,1e-06,0.38239862618507,0.853771290691771
27,1027,1036375,tapped_esn,351,339,26,0.0001,0.339396818612582,0.884809799515658
27,1027,1036375,tapped_esn,513,508,39,4.64158883361278e-05,0.257696437506522,0.933592546096447
27,1027,1036375,tapped_esn,1025,1015,78,1e-05,0.193346885643659,0.962616981811898
27,1027,1036375,tapped_esn,2049,2042,157,1e-05,0.1748530362263,0.969426415722444
28,1028,1037384,input_delays,65,65,64,1e-06,0.389465349864322,0.848316741255061
28,1028,1037384,input_delays,129,129,128,1e-06,0.389829411336996,0.848033030056651
28,1028,1037384,input_delays,257,257,256,1e-06,0.390835083227818,0.847247937718304
28,1028,1037384,input_delays,351,351,350,1e-06,0.3910232276243,0.847100835458275
28,1028,1037384,input_delays,513,513,512,1e-06,0.392820723413048,0.84569187925725
28,1028,1037384,input_delays,1025,1025,1024,4.64158883361278,0.398916525382809,0.840865605776506
28,1028,1037384,input_delays,2049,2049,2048,215.443469003188,0.411819685990174,0.830404546230954
28,1028,1037384,nvar_degree_2,65,55,9,1e-06,0.810025203631717,0.343859169481396
28,1028,1037384,nvar_degree_2,129,120,14,1e-06,0.237341503125285,0.94366901089423
28,1028,1037384,nvar_degree_2,257,253,21,1e-06,0.128751150796463,0.983423141168587
28,1028,1037384,nvar_degree_2,351,351,25,1e-06,0.0838063206677247,0.992976500616139
28,1028,1037384,nvar_degree_2,513,496,30,1e-06,0.0593999030540766,0.996471651517166
28,1028,1037384,nvar_degree_2,1025,990,43,1e-06,0.0454218791218838,0.997936852897037
28,1028,1037384,nvar_degree_2,2049,2016,62,1e-06,0.0482514781620939,0.997671794855173
28,1028,1037384,nvar_degree_3,65,56,5,46.4158883361278,0.810735058776205,0.342708664471143
28,1028,1037384,nvar_degree_3,129,120,7,46.4158883361278,0.811253569042162,0.341867646716355
28,1028,1037384,nvar_degree_3,257,220,9,100,0.81330920284474,0.338528140568054
28,1028,1037384,nvar_degree_3,351,286,10,100,0.814308049757187,0.336902400100647
28,1028,1037384,nvar_degree_3,513,455,12,10,0.34898542724061,0.878209171573689
28,1028,1037384,nvar_degree_3,1025,969,16,4.64158883361278,0.210094273868673,0.955860396087595
28,1028,1037384,nvar_degree_3,2049,2024,21,4.64158883361278,0.139693087449209,0.980485841318907
28,1028,1037384,tapped_esn,65,53,4,0.0464158883361278,0.389263388441302,0.848474014419196
28,1028,1037384,tapped_esn,129,118,9,0.00464158883361278,0.37891077084596,0.85642662773692
28,1028,1037384,tapped_esn,257,248,19,1e-06,0.336112508131851,0.887028381877317
28,1028,1037384,tapped_esn,351,339,26,0.0001,0.277396787589378,0.923051022235094
28,1028,1037384,tapped_esn,513,508,39,4.64158883361278e-05,0.187066980201208,0.965005944918401
28,1028,1037384,tapped_esn,1025,1015,78,1e-05,0.0745142999256026,0.994447619106597
28,1028,1037384,tapped_esn,2049,2042,157,1e-05,0.0607987467333315,0.996303512395656
29,1029,1038393,input_delays,65,65,64,1e-06,0.397438876918664,0.842042339113631
29,1029,1038393,input_delays,129,129,128,1e-06,0.398156172384236,0.841471662392334
29,1029,1038393,input_delays,257,257,256,1e-06,0.398074030839929,0.841537065970851
29,1029,1038393,input_delays,351,351,350,1e-06,0.399479244183856,0.840416333466295
29,1029,1038393,input_delays,513,513,512,1e-06,0.400967655438364,0.839224939292261
29,1029,1038393,input_delays,1025,1025,1024,4.64158883361278,0.407609017416366,0.833854888920865
29,1029,1038393,input_delays,2049,2049,2048,215.443469003188,0.422109637397734,0.821823454015953
29,1029,1038393,nvar_degree_2,65,55,9,1e-06,0.814353727795759,0.33682800602515
29,1029,1038393,nvar_degree_2,129,120,14,1e-06,0.335319653469856,0.887560729996856
29,1029,1038393,nvar_degree_2,257,253,21,1e-06,0.225330075183273,0.9492263572179
29,1029,1038393,nvar_degree_2,351,351,25,1e-06,0.17983335073632,0.967659965962948
29,1029,1038393,nvar_degree_2,513,496,30,1e-06,0.149002769753865,0.977798174605677
29,1029,1038393,nvar_degree_2,1025,990,43,1e-06,0.116411272451799,0.986448415646153
29,1029,1038393,nvar_degree_2,2049,2016,62,1e-06,0.105135003421983,0.98894663105546
29,1029,1038393,nvar_degree_3,65,56,5,46.4158883361278,0.820846720871706,0.326210660834167
29,1029,1038393,nvar_degree_3,129,120,7,46.4158883361278,0.818949111589996,0.329322352625957
29,1029,1038393,nvar_degree_3,257,220,9,100,0.81732695895009,0.331976642173398
29,1029,1038393,nvar_degree_3,351,286,10,100,0.816773533815228,0.332880994458985
29,1029,1038393,nvar_degree_3,513,455,12,10,0.427148088816592,0.817544510220332
29,1029,1038393,nvar_degree_3,1025,969,16,4.64158883361278,0.3059309956805,0.906406225881938
29,1029,1038393,nvar_degree_3,2049,2024,21,4.64158883361278,0.228269812688729,0.947892892615053
29,1029,1038393,tapped_esn,65,53,4,0.0464158883361278,0.416177008560389,0.826796697545726
29,1029,1038393,tapped_esn,129,118,9,0.00464158883361278,0.38883451837652,0.8488077173189
29,1029,1038393,tapped_esn,257,248,19,1e-06,0.347636087282794,0.87914915081871
29,1029,1038393,tapped_esn,351,339,26,0.0001,0.318868693873848,0.898322756067186
29,1029,1038393,tapped_esn,513,508,39,4.64158883361278e-05,0.237373235457742,0.943653947088324
29,1029,1038393,tapped_esn,1025,1015,78,1e-05,0.175983112713654,0.969029944039613
29,1029,1038393,tapped_esn,2049,2042,157,1e-05,0.157832307007096,0.975088962864818
30,1030,1039402,input_delays,65,65,64,1e-06,0.371810908446627,0.861756648360094
30,1030,1039402,input_delays,129,129,128,1e-06,0.373907093610827,0.860193485347504
30,1030,1039402,input_delays,257,257,256,1e-06,0.373838271716219,0.860244946600231
30,1030,1039402,input_delays,351,351,350,1e-06,0.373734542847485,0.860322491482581
30,1030,1039402,input_delays,513,513,512,1e-06,0.37640888853206,0.858316348634059
30,1030,1039402,input_delays,1025,1025,1024,4.64158883361278,0.380495910504219,0.855222862089565
30,1030,1039402,input_delays,2049,2049,2048,215.443469003188,0.397411850806621,0.842063820838456
30,1030,1039402,nvar_degree_2,65,55,9,1e-06,0.815726621581626,0.334590078843027
30,1030,1039402,nvar_degree_2,129,120,14,1e-06,0.264846154847683,0.929856514262397
30,1030,1039402,nvar_degree_2,257,253,21,1e-06,0.146573319361636,0.978516262051312
30,1030,1039402,nvar_degree_2,351,351,25,1e-06,0.0942225673928881,0.991122107793893
30,1030,1039402,nvar_degree_2,513,496,30,1e-06,0.0653370629880374,0.995731068200097
30,1030,1039402,nvar_degree_2,1025,990,43,1e-06,0.0462362491395182,0.997862209265508
30,1030,1039402,nvar_degree_2,2049,2016,62,1e-06,0.0466191668691525,0.997826653280426
30,1030,1039402,nvar_degree_3,65,56,5,46.4158883361278,0.821413755511749,0.325279442256085
30,1030,1039402,nvar_degree_3,129,120,7,46.4158883361278,0.821007197402936,0.325947181812576
30,1030,1039402,nvar_degree_3,257,220,9,100,0.825916187412617,0.317862451369806
30,1030,1039402,nvar_degree_3,351,286,10,100,0.82859389053374,0.31343216457016
30,1030,1039402,nvar_degree_3,513,455,12,10,0.375104928054837,0.859296292948976
30,1030,1039402,nvar_degree_3,1025,969,16,4.64158883361278,0.233466518086655,0.945493384932494
30,1030,1039402,nvar_degree_3,2049,2024,21,4.64158883361278,0.15493011914172,0.975996658182733
30,1030,1039402,tapped_esn,65,53,4,0.0464158883361278,0.381551602794352,0.854418374405061
30,1030,1039402,tapped_esn,129,118,9,0.00464158883361278,0.363546262920411,0.867834114716604
30,1030,1039402,tapped_esn,257,248,19,1e-06,0.302250589641056,0.908644581061634
30,1030,1039402,tapped_esn,351,339,26,0.0001,0.234141563923521,0.945177728043448
30,1030,1039402,tapped_esn,513,508,39,4.64158883361278e-05,0.170883321026789,0.970798890594855
30,1030,1039402,tapped_esn,1025,1015,78,1e-05,0.0796655699236752,0.993653396968736
30,1030,1039402,tapped_esn,2049,2042,157,1e-05,0.0588273990883494,0.9965393371165
