readoutId,readoutTrajectoryId,requestedVirtualSamples,actualVirtualSamples,virtualNodeIdx,tapSetIndex,tapDelays,nDelayBlocks,nPC,actualCoefficientsIncludingBias,rawQuadratureDimension
1,1,6,6,7;13;18;24;29;35,1,0;1;2;3;4;5;6;7;8;9;10,11,31,342,432
2,1,6,6,7;13;18;24;29;35,2,0;1;2;3;4;5;6;7;8;9;10;12;15,13,26,339,432
3,1,10,10,7;10;13;16;19;23;26;29;32;35,1,0;1;2;3;4;5;6;7;8;9;10,11,31,342,720
4,1,10,10,7;10;13;16;19;23;26;29;32;35,2,0;1;2;3;4;5;6;7;8;9;10;12;15,13,26,339,720
5,2,6,6,11;20;29;37;46;55,1,0;1;2;3;4;5;6;7;8;9;10,11,31,342,432
6,2,6,6,11;20;29;37;46;55,2,0;1;2;3;4;5;6;7;8;9;10;12;15,13,26,339,432
7,2,10,10,11;16;21;26;31;35;40;45;50;55,1,0;1;2;3;4;5;6;7;8;9;10,11,31,342,720
8,2,10,10,11;16;21;26;31;35;40;45;50;55,2,0;1;2;3;4;5;6;7;8;9;10;12;15,13,26,339,720
9,3,6,6,7;13;18;24;29;35,1,0;1;2;3;4;5;6;7;8;9;10,11,31,342,432
10,3,6,6,7;13;18;24;29;35,2,0;1;2;3;4;5;6;7;8;9;10;12;15,13,26,339,432
11,3,10,10,7;10;13;16;19;23;26;29;32;35,1,0;1;2;3;4;5;6;7;8;9;10,11,31,342,720
12,3,10,10,7;10;13;16;19;23;26;29;32;35,2,0;1;2;3;4;5;6;7;8;9;10;12;15,13,26,339,720
13,4,6,6,11;20;29;37;46;55,1,0;1;2;3;4;5;6;7;8;9;10,11,31,342,432
14,4,6,6,11;20;29;37;46;55,2,0;1;2;3;4;5;6;7;8;9;10;12;15,13,26,339,432
15,4,10,10,11;16;21;26;31;35;40;45;50;55,1,0;1;2;3;4;5;6;7;8;9;10,11,31,342,720
16,4,10,10,11;16;21;26;31;35;40;45;50;55,2,0;1;2;3;4;5;6;7;8;9;10;12;15,13,26,339,720
17,5,6,6,7;13;18;24;29;35,1,0;1;2;3;4;5;6;7;8;9;10,11,31,342,432
18,5,6,6,7;13;18;24;29;35,2,0;1;2;3;4;5;6;7;8;9;10;12;15,13,26,339,432
19,5,10,10,7;10;13;16;19;23;26;29;32;35,1,0;1;2;3;4;5;6;7;8;9;10,11,31,342,720
20,5,10,10,7;10;13;16;19;23;26;29;32;35,2,0;1;2;3;4;5;6;7;8;9;10;12;15,13,26,339,720
21,6,6,6,11;20;29;37;46;55,1,0;1;2;3;4;5;6;7;8;9;10,11,31,342,432
22,6,6,6,11;20;29;37;46;55,2,0;1;2;3;4;5;6;7;8;9;10;12;15,13,26,339,432
23,6,10,10,11;16;21;26;31;35;40;45;50;55,1,0;1;2;3;4;5;6;7;8;9;10,11,31,342,720
24,6,10,10,11;16;21;26;31;35;40;45;50;55,2,0;1;2;3;4;5;6;7;8;9;10;12;15,13,26,339,720
25,7,6,6,7;13;18;24;29;35,1,0;1;2;3;4;5;6;7;8;9;10,11,31,342,432
26,7,6,6,7;13;18;24;29;35,2,0;1;2;3;4;5;6;7;8;9;10;12;15,13,26,339,432
27,7,10,10,7;10;13;16;19;23;26;29;32;35,1,0;1;2;3;4;5;6;7;8;9;10,11,31,342,720
28,7,10,10,7;10;13;16;19;23;26;29;32;35,2,0;1;2;3;4;5;6;7;8;9;10;12;15,13,26,339,720
29,8,6,6,11;20;29;37;46;55,1,0;1;2;3;4;5;6;7;8;9;10,11,31,342,432
30,8,6,6,11;20;29;37;46;55,2,0;1;2;3;4;5;6;7;8;9;10;12;15,13,26,339,432
31,8,10,10,11;16;21;26;31;35;40;45;50;55,1,0;1;2;3;4;5;6;7;8;9;10,11,31,342,720
32,8,10,10,11;16;21;26;31;35;40;45;50;55,2,0;1;2;3;4;5;6;7;8;9;10;12;15,13,26,339,720
33,9,6,6,7;13;18;24;29;35,1,0;1;2;3;4;5;6;7;8;9;10,11,31,342,432
34,9,6,6,7;13;18;24;29;35,2,0;1;2;3;4;5;6;7;8;9;10;12;15,13,26,339,432
35,9,10,10,7;10;13;16;19;23;26;29;32;35,1,0;1;2;3;4;5;6;7;8;9;10,11,31,342,720
36,9,10,10,7;10;13;16;19;23;26;29;32;35,2,0;1;2;3;4;5;6;7;8;9;10;12;15,13,26,339,720
37,10,6,6,11;20;29;37;46;55,1,0;1;2;3;4;5;6;7;8;9;10,11,31,342,432
38,10,6,6,11;20;29;37;46;55,2,0;1;2;3;4;5;6;7;8;9;10;12;15,13,26,339,432
39,10,10,10,11;16;21;26;31;35;40;45;50;55,1,0;1;2;3;4;5;6;7;8;9;10,11,31,342,720
40,10,10,10,11;16;21;26;31;35;40;45;50;55,2,0;1;2;3;4;5;6;7;8;9;10;12;15,13,26,339,720
41,11,6,6,7;13;18;24;29;35,1,0;1;2;3;4;5;6;7;8;9;10,11,31,342,432
42,11,6,6,7;13;18;24;29;35,2,0;1;2;3;4;5;6;7;8;9;10;12;15,13,26,339,432
43,11,10,10,7;10;13;16;19;23;26;29;32;35,1,0;1;2;3;4;5;6;7;8;9;10,11,31,342,720
44,11,10,10,7;10;13;16;19;23;26;29;32;35,2,0;1;2;3;4;5;6;7;8;9;10;12;15,13,26,339,720
45,12,6,6,11;20;29;37;46;55,1,0;1;2;3;4;5;6;7;8;9;10,11,31,342,432
46,12,6,6,11;20;29;37;46;55,2,0;1;2;3;4;5;6;7;8;9;10;12;15,13,26,339,432
47,12,10,10,11;16;21;26;31;35;40;45;50;55,1,0;1;2;3;4;5;6;7;8;9;10,11,31,342,720
48,12,10,10,11;16;21;26;31;35;40;45;50;55,2,0;1;2;3;4;5;6;7;8;9;10;12;15,13,26,339,720
49,13,6,6,7;13;18;24;29;35,1,0;1;2;3;4;5;6;7;8;9;10,11,31,342,432
50,13,6,6,7;13;18;24;29;35,2,0;1;2;3;4;5;6;7;8;9;10;12;15,13,26,339,432
51,13,10,10,7;10;13;16;19;23;26;29;32;35,1,0;1;2;3;4;5;6;7;8;9;10,11,31,342,720
52,13,10,10,7;10;13;16;19;23;26;29;32;35,2,0;1;2;3;4;5;6;7;8;9;10;12;15,13,26,339,720
53,14,6,6,11;20;29;37;46;55,1,0;1;2;3;4;5;6;7;8;9;10,11,31,342,432
54,14,6,6,11;20;29;37;46;55,2,0;1;2;3;4;5;6;7;8;9;10;12;15,13,26,339,432
55,14,10,10,11;16;21;26;31;35;40;45;50;55,1,0;1;2;3;4;5;6;7;8;9;10,11,31,342,720
56,14,10,10,11;16;21;26;31;35;40;45;50;55,2,0;1;2;3;4;5;6;7;8;9;10;12;15,13,26,339,720
57,15,6,6,7;13;18;24;29;35,1,0;1;2;3;4;5;6;7;8;9;10,11,31,342,432
58,15,6,6,7;13;18;24;29;35,2,0;1;2;3;4;5;6;7;8;9;10;12;15,13,26,339,432
59,15,10,10,7;10;13;16;19;23;26;29;32;35,1,0;1;2;3;4;5;6;7;8;9;10,11,31,342,720
60,15,10,10,7;10;13;16;19;23;26;29;32;35,2,0;1;2;3;4;5;6;7;8;9;10;12;15,13,26,339,720
61,16,6,6,11;20;29;37;46;55,1,0;1;2;3;4;5;6;7;8;9;10,11,31,342,432
62,16,6,6,11;20;29;37;46;55,2,0;1;2;3;4;5;6;7;8;9;10;12;15,13,26,339,432
63,16,10,10,11;16;21;26;31;35;40;45;50;55,1,0;1;2;3;4;5;6;7;8;9;10,11,31,342,720
64,16,10,10,11;16;21;26;31;35;40;45;50;55,2,0;1;2;3;4;5;6;7;8;9;10;12;15,13,26,339,720
65,17,6,6,7;13;18;24;29;35,1,0;1;2;3;4;5;6;7;8;9;10,11,31,342,432
66,17,6,6,7;13;18;24;29;35,2,0;1;2;3;4;5;6;7;8;9;10;12;15,13,26,339,432
67,17,10,10,7;10;13;16;19;23;26;29;32;35,1,0;1;2;3;4;5;6;7;8;9;10,11,31,342,720
68,17,10,10,7;10;13;16;19;23;26;29;32;35,2,0;1;2;3;4;5;6;7;8;9;10;12;15,13,26,339,720
69,18,6,6,11;20;29;37;46;55,1,0;1;2;3;4;5;6;7;8;9;10,11,31,342,432
70,18,6,6,11;20;29;37;46;55,2,0;1;2;3;4;5;6;7;8;9;10;12;15,13,26,339,432
71,18,10,10,11;16;21;26;31;35;40;45;50;55,1,0;1;2;3;4;5;6;7;8;9;10,11,31,342,720
72,18,10,10,11;16;21;26;31;35;40;45;50;55,2,0;1;2;3;4;5;6;7;8;9;10;12;15,13,26,339,720
73,19,6,6,7;13;18;24;29;35,1,0;1;2;3;4;5;6;7;8;9;10,11,31,342,432
74,19,6,6,7;13;18;24;29;35,2,0;1;2;3;4;5;6;7;8;9;10;12;15,13,26,339,432
75,19,10,10,7;10;13;16;19;23;26;29;32;35,1,0;1;2;3;4;5;6;7;8;9;10,11,31,342,720
76,19,10,10,7;10;13;16;19;23;26;29;32;35,2,0;1;2;3;4;5;6;7;8;9;10;12;15,13,26,339,720
77,20,6,6,11;20;29;37;46;55,1,0;1;2;3;4;5;6;7;8;9;10,11,31,342,432
78,20,6,6,11;20;29;37;46;55,2,0;1;2;3;4;5;6;7;8;9;10;12;15,13,26,339,432
79,20,10,10,11;16;21;26;31;35;40;45;50;55,1,0;1;2;3;4;5;6;7;8;9;10,11,31,342,720
80,20,10,10,11;16;21;26;31;35;40;45;50;55,2,0;1;2;3;4;5;6;7;8;9;10;12;15,13,26,339,720
81,21,6,6,7;13;18;24;29;35,1,0;1;2;3;4;5;6;7;8;9;10,11,31,342,432
82,21,6,6,7;13;18;24;29;35,2,0;1;2;3;4;5;6;7;8;9;10;12;15,13,26,339,432
83,21,10,10,7;10;13;16;19;23;26;29;32;35,1,0;1;2;3;4;5;6;7;8;9;10,11,31,342,720
84,21,10,10,7;10;13;16;19;23;26;29;32;35,2,0;1;2;3;4;5;6;7;8;9;10;12;15,13,26,339,720
85,22,6,6,11;20;29;37;46;55,1,0;1;2;3;4;5;6;7;8;9;10,11,31,342,432
86,22,6,6,11;20;29;37;46;55,2,0;1;2;3;4;5;6;7;8;9;10;12;15,13,26,339,432
87,22,10,10,11;16;21;26;31;35;40;45;50;55,1,0;1;2;3;4;5;6;7;8;9;10,11,31,342,720
88,22,10,10,11;16;21;26;31;35;40;45;50;55,2,0;1;2;3;4;5;6;7;8;9;10;12;15,13,26,339,720
89,23,6,6,7;13;18;24;29;35,1,0;1;2;3;4;5;6;7;8;9;10,11,31,342,432
90,23,6,6,7;13;18;24;29;35,2,0;1;2;3;4;5;6;7;8;9;10;12;15,13,26,339,432
91,23,10,10,7;10;13;16;19;23;26;29;32;35,1,0;1;2;3;4;5;6;7;8;9;10,11,31,342,720
92,23,10,10,7;10;13;16;19;23;26;29;32;35,2,0;1;2;3;4;5;6;7;8;9;10;12;15,13,26,339,720
93,24,6,6,11;20;29;37;46;55,1,0;1;2;3;4;5;6;7;8;9;10,11,31,342,432
94,24,6,6,11;20;29;37;46;55,2,0;1;2;3;4;5;6;7;8;9;10;12;15,13,26,339,432
95,24,10,10,11;16;21;26;31;35;40;45;50;55,1,0;1;2;3;4;5;6;7;8;9;10,11,31,342,720
96,24,10,10,11;16;21;26;31;35;40;45;50;55,2,0;1;2;3;4;5;6;7;8;9;10;12;15,13,26,339,720
97,25,6,6,7;13;18;24;29;35,1,0;1;2;3;4;5;6;7;8;9;10,11,31,342,432
98,25,6,6,7;13;18;24;29;35,2,0;1;2;3;4;5;6;7;8;9;10;12;15,13,26,339,432
99,25,10,10,7;10;13;16;19;23;26;29;32;35,1,0;1;2;3;4;5;6;7;8;9;10,11,31,342,720
100,25,10,10,7;10;13;16;19;23;26;29;32;35,2,0;1;2;3;4;5;6;7;8;9;10;12;15,13,26,339,720
101,26,6,6,11;20;29;37;46;55,1,0;1;2;3;4;5;6;7;8;9;10,11,31,342,432
102,26,6,6,11;20;29;37;46;55,2,0;1;2;3;4;5;6;7;8;9;10;12;15,13,26,339,432
103,26,10,10,11;16;21;26;31;35;40;45;50;55,1,0;1;2;3;4;5;6;7;8;9;10,11,31,342,720
104,26,10,10,11;16;21;26;31;35;40;45;50;55,2,0;1;2;3;4;5;6;7;8;9;10;12;15,13,26,339,720
105,27,6,6,7;13;18;24;29;35,1,0;1;2;3;4;5;6;7;8;9;10,11,31,342,432
106,27,6,6,7;13;18;24;29;35,2,0;1;2;3;4;5;6;7;8;9;10;12;15,13,26,339,432
107,27,10,10,7;10;13;16;19;23;26;29;32;35,1,0;1;2;3;4;5;6;7;8;9;10,11,31,342,720
108,27,10,10,7;10;13;16;19;23;26;29;32;35,2,0;1;2;3;4;5;6;7;8;9;10;12;15,13,26,339,720
109,28,6,6,11;20;29;37;46;55,1,0;1;2;3;4;5;6;7;8;9;10,11,31,342,432
110,28,6,6,11;20;29;37;46;55,2,0;1;2;3;4;5;6;7;8;9;10;12;15,13,26,339,432
111,28,10,10,11;16;21;26;31;35;40;45;50;55,1,0;1;2;3;4;5;6;7;8;9;10,11,31,342,720
112,28,10,10,11;16;21;26;31;35;40;45;50;55,2,0;1;2;3;4;5;6;7;8;9;10;12;15,13,26,339,720
113,29,6,6,7;13;18;24;29;35,1,0;1;2;3;4;5;6;7;8;9;10,11,31,342,432
114,29,6,6,7;13;18;24;29;35,2,0;1;2;3;4;5;6;7;8;9;10;12;15,13,26,339,432
115,29,10,10,7;10;13;16;19;23;26;29;32;35,1,0;1;2;3;4;5;6;7;8;9;10,11,31,342,720
116,29,10,10,7;10;13;16;19;23;26;29;32;35,2,0;1;2;3;4;5;6;7;8;9;10;12;15,13,26,339,720
117,30,6,6,11;20;29;37;46;55,1,0;1;2;3;4;5;6;7;8;9;10,11,31,342,432
118,30,6,6,11;20;29;37;46;55,2,0;1;2;3;4;5;6;7;8;9;10;12;15,13,26,339,432
119,30,10,10,11;16;21;26;31;35;40;45;50;55,1,0;1;2;3;4;5;6;7;8;9;10,11,31,342,720
120,30,10,10,11;16;21;26;31;35;40;45;50;55,2,0;1;2;3;4;5;6;7;8;9;10;12;15,13,26,339,720
121,31,6,6,7;13;18;24;29;35,1,0;1;2;3;4;5;6;7;8;9;10,11,31,342,432
122,31,6,6,7;13;18;24;29;35,2,0;1;2;3;4;5;6;7;8;9;10;12;15,13,26,339,432
123,31,10,10,7;10;13;16;19;23;26;29;32;35,1,0;1;2;3;4;5;6;7;8;9;10,11,31,342,720
124,31,10,10,7;10;13;16;19;23;26;29;32;35,2,0;1;2;3;4;5;6;7;8;9;10;12;15,13,26,339,720
125,32,6,6,11;20;29;37;46;55,1,0;1;2;3;4;5;6;7;8;9;10,11,31,342,432
126,32,6,6,11;20;29;37;46;55,2,0;1;2;3;4;5;6;7;8;9;10;12;15,13,26,339,432
127,32,10,10,11;16;21;26;31;35;40;45;50;55,1,0;1;2;3;4;5;6;7;8;9;10,11,31,342,720
128,32,10,10,11;16;21;26;31;35;40;45;50;55,2,0;1;2;3;4;5;6;7;8;9;10;12;15,13,26,339,720
129,33,6,6,7;13;18;24;29;35,1,0;1;2;3;4;5;6;7;8;9;10,11,31,342,432
130,33,6,6,7;13;18;24;29;35,2,0;1;2;3;4;5;6;7;8;9;10;12;15,13,26,339,432
131,33,10,10,7;10;13;16;19;23;26;29;32;35,1,0;1;2;3;4;5;6;7;8;9;10,11,31,342,720
132,33,10,10,7;10;13;16;19;23;26;29;32;35,2,0;1;2;3;4;5;6;7;8;9;10;12;15,13,26,339,720
133,34,6,6,11;20;29;37;46;55,1,0;1;2;3;4;5;6;7;8;9;10,11,31,342,432
134,34,6,6,11;20;29;37;46;55,2,0;1;2;3;4;5;6;7;8;9;10;12;15,13,26,339,432
135,34,10,10,11;16;21;26;31;35;40;45;50;55,1,0;1;2;3;4;5;6;7;8;9;10,11,31,342,720
136,34,10,10,11;16;21;26;31;35;40;45;50;55,2,0;1;2;3;4;5;6;7;8;9;10;12;15,13,26,339,720
137,35,6,6,7;13;18;24;29;35,1,0;1;2;3;4;5;6;7;8;9;10,11,31,342,432
138,35,6,6,7;13;18;24;29;35,2,0;1;2;3;4;5;6;7;8;9;10;12;15,13,26,339,432
139,35,10,10,7;10;13;16;19;23;26;29;32;35,1,0;1;2;3;4;5;6;7;8;9;10,11,31,342,720
140,35,10,10,7;10;13;16;19;23;26;29;32;35,2,0;1;2;3;4;5;6;7;8;9;10;12;15,13,26,339,720
141,36,6,6,11;20;29;37;46;55,1,0;1;2;3;4;5;6;7;8;9;10,11,31,342,432
142,36,6,6,11;20;29;37;46;55,2,0;1;2;3;4;5;6;7;8;9;10;12;15,13,26,339,432
143,36,10,10,11;16;21;26;31;35;40;45;50;55,1,0;1;2;3;4;5;6;7;8;9;10,11,31,342,720
144,36,10,10,11;16;21;26;31;35;40;45;50;55,2,0;1;2;3;4;5;6;7;8;9;10;12;15,13,26,339,720
145,37,6,6,7;13;18;24;29;35,1,0;1;2;3;4;5;6;7;8;9;10,11,31,342,432
146,37,6,6,7;13;18;24;29;35,2,0;1;2;3;4;5;6;7;8;9;10;12;15,13,26,339,432
147,37,10,10,7;10;13;16;19;23;26;29;32;35,1,0;1;2;3;4;5;6;7;8;9;10,11,31,342,720
148,37,10,10,7;10;13;16;19;23;26;29;32;35,2,0;1;2;3;4;5;6;7;8;9;10;12;15,13,26,339,720
149,38,6,6,11;20;29;37;46;55,1,0;1;2;3;4;5;6;7;8;9;10,11,31,342,432
150,38,6,6,11;20;29;37;46;55,2,0;1;2;3;4;5;6;7;8;9;10;12;15,13,26,339,432
151,38,10,10,11;16;21;26;31;35;40;45;50;55,1,0;1;2;3;4;5;6;7;8;9;10,11,31,342,720
152,38,10,10,11;16;21;26;31;35;40;45;50;55,2,0;1;2;3;4;5;6;7;8;9;10;12;15,13,26,339,720
153,39,6,6,7;13;18;24;29;35,1,0;1;2;3;4;5;6;7;8;9;10,11,31,342,432
154,39,6,6,7;13;18;24;29;35,2,0;1;2;3;4;5;6;7;8;9;10;12;15,13,26,339,432
155,39,10,10,7;10;13;16;19;23;26;29;32;35,1,0;1;2;3;4;5;6;7;8;9;10,11,31,342,720
156,39,10,10,7;10;13;16;19;23;26;29;32;35,2,0;1;2;3;4;5;6;7;8;9;10;12;15,13,26,339,720
157,40,6,6,11;20;29;37;46;55,1,0;1;2;3;4;5;6;7;8;9;10,11,31,342,432
158,40,6,6,11;20;29;37;46;55,2,0;1;2;3;4;5;6;7;8;9;10;12;15,13,26,339,432
159,40,10,10,11;16;21;26;31;35;40;45;50;55,1,0;1;2;3;4;5;6;7;8;9;10,11,31,342,720
160,40,10,10,11;16;21;26;31;35;40;45;50;55,2,0;1;2;3;4;5;6;7;8;9;10;12;15,13,26,339,720
161,41,6,6,7;13;18;24;29;35,1,0;1;2;3;4;5;6;7;8;9;10,11,31,342,432
162,41,6,6,7;13;18;24;29;35,2,0;1;2;3;4;5;6;7;8;9;10;12;15,13,26,339,432
163,41,10,10,7;10;13;16;19;23;26;29;32;35,1,0;1;2;3;4;5;6;7;8;9;10,11,31,342,720
164,41,10,10,7;10;13;16;19;23;26;29;32;35,2,0;1;2;3;4;5;6;7;8;9;10;12;15,13,26,339,720
165,42,6,6,11;20;29;37;46;55,1,0;1;2;3;4;5;6;7;8;9;10,11,31,342,432
166,42,6,6,11;20;29;37;46;55,2,0;1;2;3;4;5;6;7;8;9;10;12;15,13,26,339,432
167,42,10,10,11;16;21;26;31;35;40;45;50;55,1,0;1;2;3;4;5;6;7;8;9;10,11,31,342,720
168,42,10,10,11;16;21;26;31;35;40;45;50;55,2,0;1;2;3;4;5;6;7;8;9;10;12;15,13,26,339,720
169,43,6,6,7;13;18;24;29;35,1,0;1;2;3;4;5;6;7;8;9;10,11,31,342,432
170,43,6,6,7;13;18;24;29;35,2,0;1;2;3;4;5;6;7;8;9;10;12;15,13,26,339,432
171,43,10,10,7;10;13;16;19;23;26;29;32;35,1,0;1;2;3;4;5;6;7;8;9;10,11,31,342,720
172,43,10,10,7;10;13;16;19;23;26;29;32;35,2,0;1;2;3;4;5;6;7;8;9;10;12;15,13,26,339,720
173,44,6,6,11;20;29;37;46;55,1,0;1;2;3;4;5;6;7;8;9;10,11,31,342,432
174,44,6,6,11;20;29;37;46;55,2,0;1;2;3;4;5;6;7;8;9;10;12;15,13,26,339,432
175,44,10,10,11;16;21;26;31;35;40;45;50;55,1,0;1;2;3;4;5;6;7;8;9;10,11,31,342,720
176,44,10,10,11;16;21;26;31;35;40;45;50;55,2,0;1;2;3;4;5;6;7;8;9;10;12;15,13,26,339,720
177,45,6,6,7;13;18;24;29;35,1,0;1;2;3;4;5;6;7;8;9;10,11,31,342,432
178,45,6,6,7;13;18;24;29;35,2,0;1;2;3;4;5;6;7;8;9;10;12;15,13,26,339,432
179,45,10,10,7;10;13;16;19;23;26;29;32;35,1,0;1;2;3;4;5;6;7;8;9;10,11,31,342,720
180,45,10,10,7;10;13;16;19;23;26;29;32;35,2,0;1;2;3;4;5;6;7;8;9;10;12;15,13,26,339,720
181,46,6,6,11;20;29;37;46;55,1,0;1;2;3;4;5;6;7;8;9;10,11,31,342,432
182,46,6,6,11;20;29;37;46;55,2,0;1;2;3;4;5;6;7;8;9;10;12;15,13,26,339,432
183,46,10,10,11;16;21;26;31;35;40;45;50;55,1,0;1;2;3;4;5;6;7;8;9;10,11,31,342,720
184,46,10,10,11;16;21;26;31;35;40;45;50;55,2,0;1;2;3;4;5;6;7;8;9;10;12;15,13,26,339,720
185,47,6,6,7;13;18;24;29;35,1,0;1;2;3;4;5;6;7;8;9;10,11,31,342,432
186,47,6,6,7;13;18;24;29;35,2,0;1;2;3;4;5;6;7;8;9;10;12;15,13,26,339,432
187,47,10,10,7;10;13;16;19;23;26;29;32;35,1,0;1;2;3;4;5;6;7;8;9;10,11,31,342,720
188,47,10,10,7;10;13;16;19;23;26;29;32;35,2,0;1;2;3;4;5;6;7;8;9;10;12;15,13,26,339,720
189,48,6,6,11;20;29;37;46;55,1,0;1;2;3;4;5;6;7;8;9;10,11,31,342,432
190,48,6,6,11;20;29;37;46;55,2,0;1;2;3;4;5;6;7;8;9;10;12;15,13,26,339,432
191,48,10,10,11;16;21;26;31;35;40;45;50;55,1,0;1;2;3;4;5;6;7;8;9;10,11,31,342,720
192,48,10,10,11;16;21;26;31;35;40;45;50;55,2,0;1;2;3;4;5;6;7;8;9;10;12;15,13,26,339,720
193,49,6,6,7;13;18;24;29;35,1,0;1;2;3;4;5;6;7;8;9;10,11,31,342,432
194,49,6,6,7;13;18;24;29;35,2,0;1;2;3;4;5;6;7;8;9;10;12;15,13,26,339,432
195,49,10,10,7;10;13;16;19;23;26;29;32;35,1,0;1;2;3;4;5;6;7;8;9;10,11,31,342,720
196,49,10,10,7;10;13;16;19;23;26;29;32;35,2,0;1;2;3;4;5;6;7;8;9;10;12;15,13,26,339,720
197,50,6,6,11;20;29;37;46;55,1,0;1;2;3;4;5;6;7;8;9;10,11,31,342,432
198,50,6,6,11;20;29;37;46;55,2,0;1;2;3;4;5;6;7;8;9;10;12;15,13,26,339,432
199,50,10,10,11;16;21;26;31;35;40;45;50;55,1,0;1;2;3;4;5;6;7;8;9;10,11,31,342,720
200,50,10,10,11;16;21;26;31;35;40;45;50;55,2,0;1;2;3;4;5;6;7;8;9;10;12;15,13,26,339,720
201,51,6,6,7;13;18;24;29;35,1,0;1;2;3;4;5;6;7;8;9;10,11,31,342,432
202,51,6,6,7;13;18;24;29;35,2,0;1;2;3;4;5;6;7;8;9;10;12;15,13,26,339,432
203,51,10,10,7;10;13;16;19;23;26;29;32;35,1,0;1;2;3;4;5;6;7;8;9;10,11,31,342,720
204,51,10,10,7;10;13;16;19;23;26;29;32;35,2,0;1;2;3;4;5;6;7;8;9;10;12;15,13,26,339,720
205,52,6,6,11;20;29;37;46;55,1,0;1;2;3;4;5;6;7;8;9;10,11,31,342,432
206,52,6,6,11;20;29;37;46;55,2,0;1;2;3;4;5;6;7;8;9;10;12;15,13,26,339,432
207,52,10,10,11;16;21;26;31;35;40;45;50;55,1,0;1;2;3;4;5;6;7;8;9;10,11,31,342,720
208,52,10,10,11;16;21;26;31;35;40;45;50;55,2,0;1;2;3;4;5;6;7;8;9;10;12;15,13,26,339,720
209,53,6,6,7;13;18;24;29;35,1,0;1;2;3;4;5;6;7;8;9;10,11,31,342,432
210,53,6,6,7;13;18;24;29;35,2,0;1;2;3;4;5;6;7;8;9;10;12;15,13,26,339,432
211,53,10,10,7;10;13;16;19;23;26;29;32;35,1,0;1;2;3;4;5;6;7;8;9;10,11,31,342,720
212,53,10,10,7;10;13;16;19;23;26;29;32;35,2,0;1;2;3;4;5;6;7;8;9;10;12;15,13,26,339,720
213,54,6,6,11;20;29;37;46;55,1,0;1;2;3;4;5;6;7;8;9;10,11,31,342,432
214,54,6,6,11;20;29;37;46;55,2,0;1;2;3;4;5;6;7;8;9;10;12;15,13,26,339,432
215,54,10,10,11;16;21;26;31;35;40;45;50;55,1,0;1;2;3;4;5;6;7;8;9;10,11,31,342,720
216,54,10,10,11;16;21;26;31;35;40;45;50;55,2,0;1;2;3;4;5;6;7;8;9;10;12;15,13,26,339,720
217,55,6,6,7;13;18;24;29;35,1,0;1;2;3;4;5;6;7;8;9;10,11,31,342,432
218,55,6,6,7;13;18;24;29;35,2,0;1;2;3;4;5;6;7;8;9;10;12;15,13,26,339,432
219,55,10,10,7;10;13;16;19;23;26;29;32;35,1,0;1;2;3;4;5;6;7;8;9;10,11,31,342,720
220,55,10,10,7;10;13;16;19;23;26;29;32;35,2,0;1;2;3;4;5;6;7;8;9;10;12;15,13,26,339,720
221,56,6,6,11;20;29;37;46;55,1,0;1;2;3;4;5;6;7;8;9;10,11,31,342,432
222,56,6,6,11;20;29;37;46;55,2,0;1;2;3;4;5;6;7;8;9;10;12;15,13,26,339,432
223,56,10,10,11;16;21;26;31;35;40;45;50;55,1,0;1;2;3;4;5;6;7;8;9;10,11,31,342,720
224,56,10,10,11;16;21;26;31;35;40;45;50;55,2,0;1;2;3;4;5;6;7;8;9;10;12;15,13,26,339,720
225,57,6,6,7;13;18;24;29;35,1,0;1;2;3;4;5;6;7;8;9;10,11,31,342,432
226,57,6,6,7;13;18;24;29;35,2,0;1;2;3;4;5;6;7;8;9;10;12;15,13,26,339,432
227,57,10,10,7;10;13;16;19;23;26;29;32;35,1,0;1;2;3;4;5;6;7;8;9;10,11,31,342,720
228,57,10,10,7;10;13;16;19;23;26;29;32;35,2,0;1;2;3;4;5;6;7;8;9;10;12;15,13,26,339,720
229,58,6,6,11;20;29;37;46;55,1,0;1;2;3;4;5;6;7;8;9;10,11,31,342,432
230,58,6,6,11;20;29;37;46;55,2,0;1;2;3;4;5;6;7;8;9;10;12;15,13,26,339,432
231,58,10,10,11;16;21;26;31;35;40;45;50;55,1,0;1;2;3;4;5;6;7;8;9;10,11,31,342,720
232,58,10,10,11;16;21;26;31;35;40;45;50;55,2,0;1;2;3;4;5;6;7;8;9;10;12;15,13,26,339,720
233,59,6,6,7;13;18;24;29;35,1,0;1;2;3;4;5;6;7;8;9;10,11,31,342,432
234,59,6,6,7;13;18;24;29;35,2,0;1;2;3;4;5;6;7;8;9;10;12;15,13,26,339,432
235,59,10,10,7;10;13;16;19;23;26;29;32;35,1,0;1;2;3;4;5;6;7;8;9;10,11,31,342,720
236,59,10,10,7;10;13;16;19;23;26;29;32;35,2,0;1;2;3;4;5;6;7;8;9;10;12;15,13,26,339,720
237,60,6,6,11;20;29;37;46;55,1,0;1;2;3;4;5;6;7;8;9;10,11,31,342,432
238,60,6,6,11;20;29;37;46;55,2,0;1;2;3;4;5;6;7;8;9;10;12;15,13,26,339,432
239,60,10,10,11;16;21;26;31;35;40;45;50;55,1,0;1;2;3;4;5;6;7;8;9;10,11,31,342,720
240,60,10,10,11;16;21;26;31;35;40;45;50;55,2,0;1;2;3;4;5;6;7;8;9;10;12;15,13,26,339,720
241,61,6,6,7;13;18;24;29;35,1,0;1;2;3;4;5;6;7;8;9;10,11,31,342,432
242,61,6,6,7;13;18;24;29;35,2,0;1;2;3;4;5;6;7;8;9;10;12;15,13,26,339,432
243,61,10,10,7;10;13;16;19;23;26;29;32;35,1,0;1;2;3;4;5;6;7;8;9;10,11,31,342,720
244,61,10,10,7;10;13;16;19;23;26;29;32;35,2,0;1;2;3;4;5;6;7;8;9;10;12;15,13,26,339,720
245,62,6,6,11;20;29;37;46;55,1,0;1;2;3;4;5;6;7;8;9;10,11,31,342,432
246,62,6,6,11;20;29;37;46;55,2,0;1;2;3;4;5;6;7;8;9;10;12;15,13,26,339,432
247,62,10,10,11;16;21;26;31;35;40;45;50;55,1,0;1;2;3;4;5;6;7;8;9;10,11,31,342,720
248,62,10,10,11;16;21;26;31;35;40;45;50;55,2,0;1;2;3;4;5;6;7;8;9;10;12;15,13,26,339,720
249,63,6,6,7;13;18;24;29;35,1,0;1;2;3;4;5;6;7;8;9;10,11,31,342,432
250,63,6,6,7;13;18;24;29;35,2,0;1;2;3;4;5;6;7;8;9;10;12;15,13,26,339,432
251,63,10,10,7;10;13;16;19;23;26;29;32;35,1,0;1;2;3;4;5;6;7;8;9;10,11,31,342,720
252,63,10,10,7;10;13;16;19;23;26;29;32;35,2,0;1;2;3;4;5;6;7;8;9;10;12;15,13,26,339,720
253,64,6,6,11;20;29;37;46;55,1,0;1;2;3;4;5;6;7;8;9;10,11,31,342,432
254,64,6,6,11;20;29;37;46;55,2,0;1;2;3;4;5;6;7;8;9;10;12;15,13,26,339,432
255,64,10,10,11;16;21;26;31;35;40;45;50;55,1,0;1;2;3;4;5;6;7;8;9;10,11,31,342,720
256,64,10,10,11;16;21;26;31;35;40;45;50;55,2,0;1;2;3;4;5;6;7;8;9;10;12;15,13,26,339,720
257,65,6,6,7;13;18;24;29;35,1,0;1;2;3;4;5;6;7;8;9;10,11,31,342,432
258,65,6,6,7;13;18;24;29;35,2,0;1;2;3;4;5;6;7;8;9;10;12;15,13,26,339,432
259,65,10,10,7;10;13;16;19;23;26;29;32;35,1,0;1;2;3;4;5;6;7;8;9;10,11,31,342,720
260,65,10,10,7;10;13;16;19;23;26;29;32;35,2,0;1;2;3;4;5;6;7;8;9;10;12;15,13,26,339,720
261,66,6,6,11;20;29;37;46;55,1,0;1;2;3;4;5;6;7;8;9;10,11,31,342,432
262,66,6,6,11;20;29;37;46;55,2,0;1;2;3;4;5;6;7;8;9;10;12;15,13,26,339,432
263,66,10,10,11;16;21;26;31;35;40;45;50;55,1,0;1;2;3;4;5;6;7;8;9;10,11,31,342,720
264,66,10,10,11;16;21;26;31;35;40;45;50;55,2,0;1;2;3;4;5;6;7;8;9;10;12;15,13,26,339,720
265,67,6,6,7;13;18;24;29;35,1,0;1;2;3;4;5;6;7;8;9;10,11,31,342,432
266,67,6,6,7;13;18;24;29;35,2,0;1;2;3;4;5;6;7;8;9;10;12;15,13,26,339,432
267,67,10,10,7;10;13;16;19;23;26;29;32;35,1,0;1;2;3;4;5;6;7;8;9;10,11,31,342,720
268,67,10,10,7;10;13;16;19;23;26;29;32;35,2,0;1;2;3;4;5;6;7;8;9;10;12;15,13,26,339,720
269,68,6,6,11;20;29;37;46;55,1,0;1;2;3;4;5;6;7;8;9;10,11,31,342,432
270,68,6,6,11;20;29;37;46;55,2,0;1;2;3;4;5;6;7;8;9;10;12;15,13,26,339,432
271,68,10,10,11;16;21;26;31;35;40;45;50;55,1,0;1;2;3;4;5;6;7;8;9;10,11,31,342,720
272,68,10,10,11;16;21;26;31;35;40;45;50;55,2,0;1;2;3;4;5;6;7;8;9;10;12;15,13,26,339,720
273,69,6,6,7;13;18;24;29;35,1,0;1;2;3;4;5;6;7;8;9;10,11,31,342,432
274,69,6,6,7;13;18;24;29;35,2,0;1;2;3;4;5;6;7;8;9;10;12;15,13,26,339,432
275,69,10,10,7;10;13;16;19;23;26;29;32;35,1,0;1;2;3;4;5;6;7;8;9;10,11,31,342,720
276,69,10,10,7;10;13;16;19;23;26;29;32;35,2,0;1;2;3;4;5;6;7;8;9;10;12;15,13,26,339,720
277,70,6,6,11;20;29;37;46;55,1,0;1;2;3;4;5;6;7;8;9;10,11,31,342,432
278,70,6,6,11;20;29;37;46;55,2,0;1;2;3;4;5;6;7;8;9;10;12;15,13,26,339,432
279,70,10,10,11;16;21;26;31;35;40;45;50;55,1,0;1;2;3;4;5;6;7;8;9;10,11,31,342,720
280,70,10,10,11;16;21;26;31;35;40;45;50;55,2,0;1;2;3;4;5;6;7;8;9;10;12;15,13,26,339,720
281,71,6,6,7;13;18;24;29;35,1,0;1;2;3;4;5;6;7;8;9;10,11,31,342,432
282,71,6,6,7;13;18;24;29;35,2,0;1;2;3;4;5;6;7;8;9;10;12;15,13,26,339,432
283,71,10,10,7;10;13;16;19;23;26;29;32;35,1,0;1;2;3;4;5;6;7;8;9;10,11,31,342,720
284,71,10,10,7;10;13;16;19;23;26;29;32;35,2,0;1;2;3;4;5;6;7;8;9;10;12;15,13,26,339,720
285,72,6,6,11;20;29;37;46;55,1,0;1;2;3;4;5;6;7;8;9;10,11,31,342,432
286,72,6,6,11;20;29;37;46;55,2,0;1;2;3;4;5;6;7;8;9;10;12;15,13,26,339,432
287,72,10,10,11;16;21;26;31;35;40;45;50;55,1,0;1;2;3;4;5;6;7;8;9;10,11,31,342,720
288,72,10,10,11;16;21;26;31;35;40;45;50;55,2,0;1;2;3;4;5;6;7;8;9;10;12;15,13,26,339,720
289,73,6,6,7;13;18;24;29;35,1,0;1;2;3;4;5;6;7;8;9;10,11,31,342,432
290,73,6,6,7;13;18;24;29;35,2,0;1;2;3;4;5;6;7;8;9;10;12;15,13,26,339,432
291,73,10,10,7;10;13;16;19;23;26;29;32;35,1,0;1;2;3;4;5;6;7;8;9;10,11,31,342,720
292,73,10,10,7;10;13;16;19;23;26;29;32;35,2,0;1;2;3;4;5;6;7;8;9;10;12;15,13,26,339,720
293,74,6,6,11;20;29;37;46;55,1,0;1;2;3;4;5;6;7;8;9;10,11,31,342,432
294,74,6,6,11;20;29;37;46;55,2,0;1;2;3;4;5;6;7;8;9;10;12;15,13,26,339,432
295,74,10,10,11;16;21;26;31;35;40;45;50;55,1,0;1;2;3;4;5;6;7;8;9;10,11,31,342,720
296,74,10,10,11;16;21;26;31;35;40;45;50;55,2,0;1;2;3;4;5;6;7;8;9;10;12;15,13,26,339,720
297,75,6,6,7;13;18;24;29;35,1,0;1;2;3;4;5;6;7;8;9;10,11,31,342,432
298,75,6,6,7;13;18;24;29;35,2,0;1;2;3;4;5;6;7;8;9;10;12;15,13,26,339,432
299,75,10,10,7;10;13;16;19;23;26;29;32;35,1,0;1;2;3;4;5;6;7;8;9;10,11,31,342,720
300,75,10,10,7;10;13;16;19;23;26;29;32;35,2,0;1;2;3;4;5;6;7;8;9;10;12;15,13,26,339,720
301,76,6,6,11;20;29;37;46;55,1,0;1;2;3;4;5;6;7;8;9;10,11,31,342,432
302,76,6,6,11;20;29;37;46;55,2,0;1;2;3;4;5;6;7;8;9;10;12;15,13,26,339,432
303,76,10,10,11;16;21;26;31;35;40;45;50;55,1,0;1;2;3;4;5;6;7;8;9;10,11,31,342,720
304,76,10,10,11;16;21;26;31;35;40;45;50;55,2,0;1;2;3;4;5;6;7;8;9;10;12;15,13,26,339,720
305,77,6,6,7;13;18;24;29;35,1,0;1;2;3;4;5;6;7;8;9;10,11,31,342,432
306,77,6,6,7;13;18;24;29;35,2,0;1;2;3;4;5;6;7;8;9;10;12;15,13,26,339,432
307,77,10,10,7;10;13;16;19;23;26;29;32;35,1,0;1;2;3;4;5;6;7;8;9;10,11,31,342,720
308,77,10,10,7;10;13;16;19;23;26;29;32;35,2,0;1;2;3;4;5;6;7;8;9;10;12;15,13,26,339,720
309,78,6,6,11;20;29;37;46;55,1,0;1;2;3;4;5;6;7;8;9;10,11,31,342,432
310,78,6,6,11;20;29;37;46;55,2,0;1;2;3;4;5;6;7;8;9;10;12;15,13,26,339,432
311,78,10,10,11;16;21;26;31;35;40;45;50;55,1,0;1;2;3;4;5;6;7;8;9;10,11,31,342,720
312,78,10,10,11;16;21;26;31;35;40;45;50;55,2,0;1;2;3;4;5;6;7;8;9;10;12;15,13,26,339,720
313,79,6,6,7;13;18;24;29;35,1,0;1;2;3;4;5;6;7;8;9;10,11,31,342,432
314,79,6,6,7;13;18;24;29;35,2,0;1;2;3;4;5;6;7;8;9;10;12;15,13,26,339,432
315,79,10,10,7;10;13;16;19;23;26;29;32;35,1,0;1;2;3;4;5;6;7;8;9;10,11,31,342,720
316,79,10,10,7;10;13;16;19;23;26;29;32;35,2,0;1;2;3;4;5;6;7;8;9;10;12;15,13,26,339,720
317,80,6,6,11;20;29;37;46;55,1,0;1;2;3;4;5;6;7;8;9;10,11,31,342,432
318,80,6,6,11;20;29;37;46;55,2,0;1;2;3;4;5;6;7;8;9;10;12;15,13,26,339,432
319,80,10,10,11;16;21;26;31;35;40;45;50;55,1,0;1;2;3;4;5;6;7;8;9;10,11,31,342,720
320,80,10,10,11;16;21;26;31;35;40;45;50;55,2,0;1;2;3;4;5;6;7;8;9;10;12;15,13,26,339,720
321,81,6,6,7;13;18;24;29;35,1,0;1;2;3;4;5;6;7;8;9;10,11,31,342,432
322,81,6,6,7;13;18;24;29;35,2,0;1;2;3;4;5;6;7;8;9;10;12;15,13,26,339,432
323,81,10,10,7;10;13;16;19;23;26;29;32;35,1,0;1;2;3;4;5;6;7;8;9;10,11,31,342,720
324,81,10,10,7;10;13;16;19;23;26;29;32;35,2,0;1;2;3;4;5;6;7;8;9;10;12;15,13,26,339,720
325,82,6,6,11;20;29;37;46;55,1,0;1;2;3;4;5;6;7;8;9;10,11,31,342,432
326,82,6,6,11;20;29;37;46;55,2,0;1;2;3;4;5;6;7;8;9;10;12;15,13,26,339,432
327,82,10,10,11;16;21;26;31;35;40;45;50;55,1,0;1;2;3;4;5;6;7;8;9;10,11,31,342,720
328,82,10,10,11;16;21;26;31;35;40;45;50;55,2,0;1;2;3;4;5;6;7;8;9;10;12;15,13,26,339,720
329,83,6,6,7;13;18;24;29;35,1,0;1;2;3;4;5;6;7;8;9;10,11,31,342,432
330,83,6,6,7;13;18;24;29;35,2,0;1;2;3;4;5;6;7;8;9;10;12;15,13,26,339,432
331,83,10,10,7;10;13;16;19;23;26;29;32;35,1,0;1;2;3;4;5;6;7;8;9;10,11,31,342,720
332,83,10,10,7;10;13;16;19;23;26;29;32;35,2,0;1;2;3;4;5;6;7;8;9;10;12;15,13,26,339,720
333,84,6,6,11;20;29;37;46;55,1,0;1;2;3;4;5;6;7;8;9;10,11,31,342,432
334,84,6,6,11;20;29;37;46;55,2,0;1;2;3;4;5;6;7;8;9;10;12;15,13,26,339,432
335,84,10,10,11;16;21;26;31;35;40;45;50;55,1,0;1;2;3;4;5;6;7;8;9;10,11,31,342,720
336,84,10,10,11;16;21;26;31;35;40;45;50;55,2,0;1;2;3;4;5;6;7;8;9;10;12;15,13,26,339,720
337,85,6,6,7;13;18;24;29;35,1,0;1;2;3;4;5;6;7;8;9;10,11,31,342,432
338,85,6,6,7;13;18;24;29;35,2,0;1;2;3;4;5;6;7;8;9;10;12;15,13,26,339,432
339,85,10,10,7;10;13;16;19;23;26;29;32;35,1,0;1;2;3;4;5;6;7;8;9;10,11,31,342,720
340,85,10,10,7;10;13;16;19;23;26;29;32;35,2,0;1;2;3;4;5;6;7;8;9;10;12;15,13,26,339,720
341,86,6,6,11;20;29;37;46;55,1,0;1;2;3;4;5;6;7;8;9;10,11,31,342,432
342,86,6,6,11;20;29;37;46;55,2,0;1;2;3;4;5;6;7;8;9;10;12;15,13,26,339,432
343,86,10,10,11;16;21;26;31;35;40;45;50;55,1,0;1;2;3;4;5;6;7;8;9;10,11,31,342,720
344,86,10,10,11;16;21;26;31;35;40;45;50;55,2,0;1;2;3;4;5;6;7;8;9;10;12;15,13,26,339,720
345,87,6,6,7;13;18;24;29;35,1,0;1;2;3;4;5;6;7;8;9;10,11,31,342,432
346,87,6,6,7;13;18;24;29;35,2,0;1;2;3;4;5;6;7;8;9;10;12;15,13,26,339,432
347,87,10,10,7;10;13;16;19;23;26;29;32;35,1,0;1;2;3;4;5;6;7;8;9;10,11,31,342,720
348,87,10,10,7;10;13;16;19;23;26;29;32;35,2,0;1;2;3;4;5;6;7;8;9;10;12;15,13,26,339,720
349,88,6,6,11;20;29;37;46;55,1,0;1;2;3;4;5;6;7;8;9;10,11,31,342,432
350,88,6,6,11;20;29;37;46;55,2,0;1;2;3;4;5;6;7;8;9;10;12;15,13,26,339,432
351,88,10,10,11;16;21;26;31;35;40;45;50;55,1,0;1;2;3;4;5;6;7;8;9;10,11,31,342,720
352,88,10,10,11;16;21;26;31;35;40;45;50;55,2,0;1;2;3;4;5;6;7;8;9;10;12;15,13,26,339,720
353,89,6,6,7;13;18;24;29;35,1,0;1;2;3;4;5;6;7;8;9;10,11,31,342,432
354,89,6,6,7;13;18;24;29;35,2,0;1;2;3;4;5;6;7;8;9;10;12;15,13,26,339,432
355,89,10,10,7;10;13;16;19;23;26;29;32;35,1,0;1;2;3;4;5;6;7;8;9;10,11,31,342,720
356,89,10,10,7;10;13;16;19;23;26;29;32;35,2,0;1;2;3;4;5;6;7;8;9;10;12;15,13,26,339,720
357,90,6,6,11;20;29;37;46;55,1,0;1;2;3;4;5;6;7;8;9;10,11,31,342,432
358,90,6,6,11;20;29;37;46;55,2,0;1;2;3;4;5;6;7;8;9;10;12;15,13,26,339,432
359,90,10,10,11;16;21;26;31;35;40;45;50;55,1,0;1;2;3;4;5;6;7;8;9;10,11,31,342,720
360,90,10,10,11;16;21;26;31;35;40;45;50;55,2,0;1;2;3;4;5;6;7;8;9;10;12;15,13,26,339,720
361,91,6,6,7;13;18;24;29;35,1,0;1;2;3;4;5;6;7;8;9;10,11,31,342,432
362,91,6,6,7;13;18;24;29;35,2,0;1;2;3;4;5;6;7;8;9;10;12;15,13,26,339,432
363,91,10,10,7;10;13;16;19;23;26;29;32;35,1,0;1;2;3;4;5;6;7;8;9;10,11,31,342,720
364,91,10,10,7;10;13;16;19;23;26;29;32;35,2,0;1;2;3;4;5;6;7;8;9;10;12;15,13,26,339,720
365,92,6,6,11;20;29;37;46;55,1,0;1;2;3;4;5;6;7;8;9;10,11,31,342,432
366,92,6,6,11;20;29;37;46;55,2,0;1;2;3;4;5;6;7;8;9;10;12;15,13,26,339,432
367,92,10,10,11;16;21;26;31;35;40;45;50;55,1,0;1;2;3;4;5;6;7;8;9;10,11,31,342,720
368,92,10,10,11;16;21;26;31;35;40;45;50;55,2,0;1;2;3;4;5;6;7;8;9;10;12;15,13,26,339,720
369,93,6,6,7;13;18;24;29;35,1,0;1;2;3;4;5;6;7;8;9;10,11,31,342,432
370,93,6,6,7;13;18;24;29;35,2,0;1;2;3;4;5;6;7;8;9;10;12;15,13,26,339,432
371,93,10,10,7;10;13;16;19;23;26;29;32;35,1,0;1;2;3;4;5;6;7;8;9;10,11,31,342,720
372,93,10,10,7;10;13;16;19;23;26;29;32;35,2,0;1;2;3;4;5;6;7;8;9;10;12;15,13,26,339,720
373,94,6,6,11;20;29;37;46;55,1,0;1;2;3;4;5;6;7;8;9;10,11,31,342,432
374,94,6,6,11;20;29;37;46;55,2,0;1;2;3;4;5;6;7;8;9;10;12;15,13,26,339,432
375,94,10,10,11;16;21;26;31;35;40;45;50;55,1,0;1;2;3;4;5;6;7;8;9;10,11,31,342,720
376,94,10,10,11;16;21;26;31;35;40;45;50;55,2,0;1;2;3;4;5;6;7;8;9;10;12;15,13,26,339,720
377,95,6,6,7;13;18;24;29;35,1,0;1;2;3;4;5;6;7;8;9;10,11,31,342,432
378,95,6,6,7;13;18;24;29;35,2,0;1;2;3;4;5;6;7;8;9;10;12;15,13,26,339,432
379,95,10,10,7;10;13;16;19;23;26;29;32;35,1,0;1;2;3;4;5;6;7;8;9;10,11,31,342,720
380,95,10,10,7;10;13;16;19;23;26;29;32;35,2,0;1;2;3;4;5;6;7;8;9;10;12;15,13,26,339,720
381,96,6,6,11;20;29;37;46;55,1,0;1;2;3;4;5;6;7;8;9;10,11,31,342,432
382,96,6,6,11;20;29;37;46;55,2,0;1;2;3;4;5;6;7;8;9;10;12;15,13,26,339,432
383,96,10,10,11;16;21;26;31;35;40;45;50;55,1,0;1;2;3;4;5;6;7;8;9;10,11,31,342,720
384,96,10,10,11;16;21;26;31;35;40;45;50;55,2,0;1;2;3;4;5;6;7;8;9;10;12;15,13,26,339,720
385,97,6,6,7;13;18;24;29;35,1,0;1;2;3;4;5;6;7;8;9;10,11,31,342,432
386,97,6,6,7;13;18;24;29;35,2,0;1;2;3;4;5;6;7;8;9;10;12;15,13,26,339,432
387,97,10,10,7;10;13;16;19;23;26;29;32;35,1,0;1;2;3;4;5;6;7;8;9;10,11,31,342,720
388,97,10,10,7;10;13;16;19;23;26;29;32;35,2,0;1;2;3;4;5;6;7;8;9;10;12;15,13,26,339,720
389,98,6,6,11;20;29;37;46;55,1,0;1;2;3;4;5;6;7;8;9;10,11,31,342,432
390,98,6,6,11;20;29;37;46;55,2,0;1;2;3;4;5;6;7;8;9;10;12;15,13,26,339,432
391,98,10,10,11;16;21;26;31;35;40;45;50;55,1,0;1;2;3;4;5;6;7;8;9;10,11,31,342,720
392,98,10,10,11;16;21;26;31;35;40;45;50;55,2,0;1;2;3;4;5;6;7;8;9;10;12;15,13,26,339,720
393,99,6,6,7;13;18;24;29;35,1,0;1;2;3;4;5;6;7;8;9;10,11,31,342,432
394,99,6,6,7;13;18;24;29;35,2,0;1;2;3;4;5;6;7;8;9;10;12;15,13,26,339,432
395,99,10,10,7;10;13;16;19;23;26;29;32;35,1,0;1;2;3;4;5;6;7;8;9;10,11,31,342,720
396,99,10,10,7;10;13;16;19;23;26;29;32;35,2,0;1;2;3;4;5;6;7;8;9;10;12;15,13,26,339,720
397,100,6,6,11;20;29;37;46;55,1,0;1;2;3;4;5;6;7;8;9;10,11,31,342,432
398,100,6,6,11;20;29;37;46;55,2,0;1;2;3;4;5;6;7;8;9;10;12;15,13,26,339,432
399,100,10,10,11;16;21;26;31;35;40;45;50;55,1,0;1;2;3;4;5;6;7;8;9;10,11,31,342,720
400,100,10,10,11;16;21;26;31;35;40;45;50;55,2,0;1;2;3;4;5;6;7;8;9;10;12;15,13,26,339,720
401,101,6,6,7;13;18;24;29;35,1,0;1;2;3;4;5;6;7;8;9;10,11,31,342,432
402,101,6,6,7;13;18;24;29;35,2,0;1;2;3;4;5;6;7;8;9;10;12;15,13,26,339,432
403,101,10,10,7;10;13;16;19;23;26;29;32;35,1,0;1;2;3;4;5;6;7;8;9;10,11,31,342,720
404,101,10,10,7;10;13;16;19;23;26;29;32;35,2,0;1;2;3;4;5;6;7;8;9;10;12;15,13,26,339,720
405,102,6,6,11;20;29;37;46;55,1,0;1;2;3;4;5;6;7;8;9;10,11,31,342,432
406,102,6,6,11;20;29;37;46;55,2,0;1;2;3;4;5;6;7;8;9;10;12;15,13,26,339,432
407,102,10,10,11;16;21;26;31;35;40;45;50;55,1,0;1;2;3;4;5;6;7;8;9;10,11,31,342,720
408,102,10,10,11;16;21;26;31;35;40;45;50;55,2,0;1;2;3;4;5;6;7;8;9;10;12;15,13,26,339,720
409,103,6,6,7;13;18;24;29;35,1,0;1;2;3;4;5;6;7;8;9;10,11,31,342,432
410,103,6,6,7;13;18;24;29;35,2,0;1;2;3;4;5;6;7;8;9;10;12;15,13,26,339,432
411,103,10,10,7;10;13;16;19;23;26;29;32;35,1,0;1;2;3;4;5;6;7;8;9;10,11,31,342,720
412,103,10,10,7;10;13;16;19;23;26;29;32;35,2,0;1;2;3;4;5;6;7;8;9;10;12;15,13,26,339,720
413,104,6,6,11;20;29;37;46;55,1,0;1;2;3;4;5;6;7;8;9;10,11,31,342,432
414,104,6,6,11;20;29;37;46;55,2,0;1;2;3;4;5;6;7;8;9;10;12;15,13,26,339,432
415,104,10,10,11;16;21;26;31;35;40;45;50;55,1,0;1;2;3;4;5;6;7;8;9;10,11,31,342,720
416,104,10,10,11;16;21;26;31;35;40;45;50;55,2,0;1;2;3;4;5;6;7;8;9;10;12;15,13,26,339,720
417,105,6,6,7;13;18;24;29;35,1,0;1;2;3;4;5;6;7;8;9;10,11,31,342,432
418,105,6,6,7;13;18;24;29;35,2,0;1;2;3;4;5;6;7;8;9;10;12;15,13,26,339,432
419,105,10,10,7;10;13;16;19;23;26;29;32;35,1,0;1;2;3;4;5;6;7;8;9;10,11,31,342,720
420,105,10,10,7;10;13;16;19;23;26;29;32;35,2,0;1;2;3;4;5;6;7;8;9;10;12;15,13,26,339,720
421,106,6,6,11;20;29;37;46;55,1,0;1;2;3;4;5;6;7;8;9;10,11,31,342,432
422,106,6,6,11;20;29;37;46;55,2,0;1;2;3;4;5;6;7;8;9;10;12;15,13,26,339,432
423,106,10,10,11;16;21;26;31;35;40;45;50;55,1,0;1;2;3;4;5;6;7;8;9;10,11,31,342,720
424,106,10,10,11;16;21;26;31;35;40;45;50;55,2,0;1;2;3;4;5;6;7;8;9;10;12;15,13,26,339,720
425,107,6,6,7;13;18;24;29;35,1,0;1;2;3;4;5;6;7;8;9;10,11,31,342,432
426,107,6,6,7;13;18;24;29;35,2,0;1;2;3;4;5;6;7;8;9;10;12;15,13,26,339,432
427,107,10,10,7;10;13;16;19;23;26;29;32;35,1,0;1;2;3;4;5;6;7;8;9;10,11,31,342,720
428,107,10,10,7;10;13;16;19;23;26;29;32;35,2,0;1;2;3;4;5;6;7;8;9;10;12;15,13,26,339,720
429,108,6,6,11;20;29;37;46;55,1,0;1;2;3;4;5;6;7;8;9;10,11,31,342,432
430,108,6,6,11;20;29;37;46;55,2,0;1;2;3;4;5;6;7;8;9;10;12;15,13,26,339,432
431,108,10,10,11;16;21;26;31;35;40;45;50;55,1,0;1;2;3;4;5;6;7;8;9;10,11,31,342,720
432,108,10,10,11;16;21;26;31;35;40;45;50;55,2,0;1;2;3;4;5;6;7;8;9;10;12;15,13,26,339,720
433,109,6,6,7;13;18;24;29;35,1,0;1;2;3;4;5;6;7;8;9;10,11,31,342,432
434,109,6,6,7;13;18;24;29;35,2,0;1;2;3;4;5;6;7;8;9;10;12;15,13,26,339,432
435,109,10,10,7;10;13;16;19;23;26;29;32;35,1,0;1;2;3;4;5;6;7;8;9;10,11,31,342,720
436,109,10,10,7;10;13;16;19;23;26;29;32;35,2,0;1;2;3;4;5;6;7;8;9;10;12;15,13,26,339,720
437,110,6,6,11;20;29;37;46;55,1,0;1;2;3;4;5;6;7;8;9;10,11,31,342,432
438,110,6,6,11;20;29;37;46;55,2,0;1;2;3;4;5;6;7;8;9;10;12;15,13,26,339,432
439,110,10,10,11;16;21;26;31;35;40;45;50;55,1,0;1;2;3;4;5;6;7;8;9;10,11,31,342,720
440,110,10,10,11;16;21;26;31;35;40;45;50;55,2,0;1;2;3;4;5;6;7;8;9;10;12;15,13,26,339,720
441,111,6,6,7;13;18;24;29;35,1,0;1;2;3;4;5;6;7;8;9;10,11,31,342,432
442,111,6,6,7;13;18;24;29;35,2,0;1;2;3;4;5;6;7;8;9;10;12;15,13,26,339,432
443,111,10,10,7;10;13;16;19;23;26;29;32;35,1,0;1;2;3;4;5;6;7;8;9;10,11,31,342,720
444,111,10,10,7;10;13;16;19;23;26;29;32;35,2,0;1;2;3;4;5;6;7;8;9;10;12;15,13,26,339,720
445,112,6,6,11;20;29;37;46;55,1,0;1;2;3;4;5;6;7;8;9;10,11,31,342,432
446,112,6,6,11;20;29;37;46;55,2,0;1;2;3;4;5;6;7;8;9;10;12;15,13,26,339,432
447,112,10,10,11;16;21;26;31;35;40;45;50;55,1,0;1;2;3;4;5;6;7;8;9;10,11,31,342,720
448,112,10,10,11;16;21;26;31;35;40;45;50;55,2,0;1;2;3;4;5;6;7;8;9;10;12;15,13,26,339,720
449,113,6,6,7;13;18;24;29;35,1,0;1;2;3;4;5;6;7;8;9;10,11,31,342,432
450,113,6,6,7;13;18;24;29;35,2,0;1;2;3;4;5;6;7;8;9;10;12;15,13,26,339,432
451,113,10,10,7;10;13;16;19;23;26;29;32;35,1,0;1;2;3;4;5;6;7;8;9;10,11,31,342,720
452,113,10,10,7;10;13;16;19;23;26;29;32;35,2,0;1;2;3;4;5;6;7;8;9;10;12;15,13,26,339,720
453,114,6,6,11;20;29;37;46;55,1,0;1;2;3;4;5;6;7;8;9;10,11,31,342,432
454,114,6,6,11;20;29;37;46;55,2,0;1;2;3;4;5;6;7;8;9;10;12;15,13,26,339,432
455,114,10,10,11;16;21;26;31;35;40;45;50;55,1,0;1;2;3;4;5;6;7;8;9;10,11,31,342,720
456,114,10,10,11;16;21;26;31;35;40;45;50;55,2,0;1;2;3;4;5;6;7;8;9;10;12;15,13,26,339,720
457,115,6,6,7;13;18;24;29;35,1,0;1;2;3;4;5;6;7;8;9;10,11,31,342,432
458,115,6,6,7;13;18;24;29;35,2,0;1;2;3;4;5;6;7;8;9;10;12;15,13,26,339,432
459,115,10,10,7;10;13;16;19;23;26;29;32;35,1,0;1;2;3;4;5;6;7;8;9;10,11,31,342,720
460,115,10,10,7;10;13;16;19;23;26;29;32;35,2,0;1;2;3;4;5;6;7;8;9;10;12;15,13,26,339,720
461,116,6,6,11;20;29;37;46;55,1,0;1;2;3;4;5;6;7;8;9;10,11,31,342,432
462,116,6,6,11;20;29;37;46;55,2,0;1;2;3;4;5;6;7;8;9;10;12;15,13,26,339,432
463,116,10,10,11;16;21;26;31;35;40;45;50;55,1,0;1;2;3;4;5;6;7;8;9;10,11,31,342,720
464,116,10,10,11;16;21;26;31;35;40;45;50;55,2,0;1;2;3;4;5;6;7;8;9;10;12;15,13,26,339,720
465,117,6,6,7;13;18;24;29;35,1,0;1;2;3;4;5;6;7;8;9;10,11,31,342,432
466,117,6,6,7;13;18;24;29;35,2,0;1;2;3;4;5;6;7;8;9;10;12;15,13,26,339,432
467,117,10,10,7;10;13;16;19;23;26;29;32;35,1,0;1;2;3;4;5;6;7;8;9;10,11,31,342,720
468,117,10,10,7;10;13;16;19;23;26;29;32;35,2,0;1;2;3;4;5;6;7;8;9;10;12;15,13,26,339,720
469,118,6,6,11;20;29;37;46;55,1,0;1;2;3;4;5;6;7;8;9;10,11,31,342,432
470,118,6,6,11;20;29;37;46;55,2,0;1;2;3;4;5;6;7;8;9;10;12;15,13,26,339,432
471,118,10,10,11;16;21;26;31;35;40;45;50;55,1,0;1;2;3;4;5;6;7;8;9;10,11,31,342,720
472,118,10,10,11;16;21;26;31;35;40;45;50;55,2,0;1;2;3;4;5;6;7;8;9;10;12;15,13,26,339,720
473,119,6,6,7;13;18;24;29;35,1,0;1;2;3;4;5;6;7;8;9;10,11,31,342,432
474,119,6,6,7;13;18;24;29;35,2,0;1;2;3;4;5;6;7;8;9;10;12;15,13,26,339,432
475,119,10,10,7;10;13;16;19;23;26;29;32;35,1,0;1;2;3;4;5;6;7;8;9;10,11,31,342,720
476,119,10,10,7;10;13;16;19;23;26;29;32;35,2,0;1;2;3;4;5;6;7;8;9;10;12;15,13,26,339,720
477,120,6,6,11;20;29;37;46;55,1,0;1;2;3;4;5;6;7;8;9;10,11,31,342,432
478,120,6,6,11;20;29;37;46;55,2,0;1;2;3;4;5;6;7;8;9;10;12;15,13,26,339,432
479,120,10,10,11;16;21;26;31;35;40;45;50;55,1,0;1;2;3;4;5;6;7;8;9;10,11,31,342,720
480,120,10,10,11;16;21;26;31;35;40;45;50;55,2,0;1;2;3;4;5;6;7;8;9;10;12;15,13,26,339,720
